timestamp,incident_group_id,scenario,severity,replicate,candidate_action,expected_decision,baseline_latency_ms,baseline_error_rate,baseline_availability,pre_cpu,pre_memory,pre_latency_ms,pre_error_rate,pre_dependency_available,pre_requests,pre_successful_requests,pre_median_client_latency_ms,post_cpu,post_memory,post_latency_ms,post_error_rate,post_dependency_available,post_availability,recovery_success,recovery_time_ms
2026-10-06T14:14:17.%f+00:00,IG_01f074da37,cpu,0.5,0,Do Nothing,Scale Out,0.05,0.0,1.0,5.0,15.0,0.05,0.0,1.0,10,10,100.0,5.78,15.0,0.0537,0.0,1.0,1.0,1,2081
2026-10-06T14:14:31.%f+00:00,IG_01f074da37,cpu,0.5,0,Scale Out,Scale Out,0.05,0.0,1.0,5.0,15.0,0.05,0.0,1.0,10,10,100.0,6.32,15.0,0.0556,0.0,1.0,1.0,1,12847
2026-10-06T14:14:39.%f+00:00,IG_01f074da37,cpu,0.5,0,Restart Service,Scale Out,0.05,0.0,1.0,5.0,15.0,0.05,0.0,1.0,10,10,100.0,54.58,15.0,0.1774,0.0,1.0,0.9,0,7625
2026-10-06T14:14:49.%f+00:00,IG_01f074da37,cpu,0.5,0,Rollback,Scale Out,0.05,0.0,1.0,5.0,15.0,0.05,0.0,1.0,10,10,100.0,6.46,15.0,0.0566,0.0,1.0,1.0,1,8392
2026-10-06T14:14:55.%f+00:00,IG_01f074da37,cpu,0.5,0,Restart Dependency,Scale Out,0.05,0.0,1.0,5.0,15.0,0.05,0.0,1.0,10,10,100.0,50.17,15.0,0.1473,0.0,1.0,0.9,0,5254
2026-10-06T14:14:58.%f+00:00,IG_01cd4d2260,cpu,0.6,1,Do Nothing,Scale Out,0.05,0.0,1.0,5.0,15.0,0.05,0.0,1.0,10,10,100.0,62.35,15.0,0.1591,0.0,1.0,0.9,0,2122
2026-10-06T14:15:11.%f+00:00,IG_01cd4d2260,cpu,0.6,1,Scale Out,Scale Out,0.05,0.0,1.0,5.0,15.0,0.05,0.0,1.0,10,10,100.0,6.77,15.0,0.0537,0.0,1.0,1.0,1,11266
2026-10-06T14:15:19.%f+00:00,IG_01cd4d2260,cpu,0.6,1,Restart Service,Scale Out,0.05,0.0,1.0,5.0,15.0,0.05,0.0,1.0,10,10,100.0,6.31,15.0,0.052,0.0,1.0,1.0,1,7784
2026-10-06T14:15:28.%f+00:00,IG_01cd4d2260,cpu,0.6,1,Rollback,Scale Out,0.05,0.0,1.0,5.0,15.0,0.05,0.0,1.0,10,10,100.0,50.83,15.0,0.1707,0.0,1.0,0.9,0,7214
2026-10-06T14:15:35.%f+00:00,IG_01cd4d2260,cpu,0.6,1,Restart Dependency,Scale Out,0.05,0.0,1.0,5.0,15.0,0.05,0.0,1.0,10,10,100.0,52.22,15.0,0.2421,0.0,1.0,0.9,0,6246
2026-10-06T14:15:38.%f+00:00,IG_0044e4be88,cpu,0.7,2,Do Nothing,Scale Out,0.05,0.0,1.0,5.0,15.0,0.05,0.0,1.0,10,10,100.0,67.62,15.0,0.2354,0.0,1.0,0.9,0,2105
2026-10-06T14:15:52.%f+00:00,IG_0044e4be88,cpu,0.7,2,Scale Out,Scale Out,0.05,0.0,1.0,5.0,15.0,0.05,0.0,1.0,10,10,100.0,6.92,15.0,0.05,0.0,1.0,1.0,1,12611
2026-10-06T14:16:00.%f+00:00,IG_0044e4be88,cpu,0.7,2,Restart Service,Scale Out,0.05,0.0,1.0,5.0,15.0,0.05,0.0,1.0,10,10,100.0,67.68,15.0,0.2025,0.0,1.0,0.9,0,7439
2026-10-06T14:16:10.%f+00:00,IG_0044e4be88,cpu,0.7,2,Rollback,Scale Out,0.05,0.0,1.0,5.0,15.0,0.05,0.0,1.0,10,10,100.0,7.07,15.0,0.0516,0.0,1.0,1.0,1,8830
2026-10-06T14:16:17.%f+00:00,IG_0044e4be88,cpu,0.7,2,Restart Dependency,Scale Out,0.05,0.0,1.0,5.0,15.0,0.05,0.0,1.0,10,10,100.0,69.03,15.0,0.2028,0.0,1.0,0.9,0,5643
2026-10-06T14:16:20.%f+00:00,IG_00ada0a6b2,cpu,0.8,3,Do Nothing,Scale Out,0.05,0.0,1.0,5.0,15.0,0.05,0.0,1.0,10,10,100.0,76.44,15.0,0.1632,0.0,1.0,0.9,0,2119
2026-10-06T14:16:33.%f+00:00,IG_00ada0a6b2,cpu,0.8,3,Scale Out,Scale Out,0.05,0.0,1.0,5.0,15.0,0.05,0.0,1.0,10,10,100.0,6.3,15.0,0.0516,0.0,1.0,1.0,1,12632
2026-10-06T14:16:41.%f+00:00,IG_00ada0a6b2,cpu,0.8,3,Restart Service,Scale Out,0.05,0.0,1.0,5.0,15.0,0.05,0.0,1.0,10,10,100.0,67.24,15.0,0.1669,0.0,1.0,0.9,0,7115
2026-10-06T14:16:50.%f+00:00,IG_00ada0a6b2,cpu,0.8,3,Rollback,Scale Out,0.05,0.0,1.0,5.0,15.0,0.05,0.0,1.0,10,10,100.0,74.61,15.0,0.2405,0.0,1.0,0.9,0,7482
2026-10-06T14:16:58.%f+00:00,IG_00ada0a6b2,cpu,0.8,3,Restart Dependency,Scale Out,0.05,0.0,1.0,5.0,15.0,0.05,0.0,1.0,10,10,100.0,72.24,15.0,0.2238,0.0,1.0,0.9,0,6864
2026-10-06T14:17:01.%f+00:00,IG_01b4fb7edb,cpu,0.9,4,Do Nothing,Scale Out,0.05,0.0,1.0,5.0,15.0,0.05,0.0,1.0,10,10,100.0,6.19,15.0,0.0583,0.0,1.0,1.0,1,2070
2026-10-06T14:17:12.%f+00:00,IG_01b4fb7edb,cpu,0.9,4,Scale Out,Scale Out,0.05,0.0,1.0,5.0,15.0,0.05,0.0,1.0,10,10,100.0,6.02,15.0,0.0533,0.0,1.0,1.0,1,10401
2026-10-06T14:17:18.%f+00:00,IG_01b4fb7edb,cpu,0.9,4,Restart Service,Scale Out,0.05,0.0,1.0,5.0,15.0,0.05,0.0,1.0,10,10,100.0,7.49,15.0,0.056,0.0,1.0,1.0,1,5107
2026-10-06T14:17:28.%f+00:00,IG_01b4fb7edb,cpu,0.9,4,Rollback,Scale Out,0.05,0.0,1.0,5.0,15.0,0.05,0.0,1.0,10,10,100.0,86.88,15.0,0.2025,0.0,1.0,0.9,0,8130
2026-10-06T14:17:35.%f+00:00,IG_01b4fb7edb,cpu,0.9,4,Restart Dependency,Scale Out,0.05,0.0,1.0,5.0,15.0,0.05,0.0,1.0,10,10,100.0,72.2,15.0,0.229,0.0,1.0,0.9,0,6253
2026-10-06T14:17:38.%f+00:00,IG_004c9ad300,cpu,1.0,5,Do Nothing,Scale Out,0.05,0.0,1.0,5.0,15.0,0.05,0.0,1.0,10,10,100.0,90.55,15.0,0.1311,0.0,1.0,0.9,0,2109
2026-10-06T14:17:50.%f+00:00,IG_004c9ad300,cpu,1.0,5,Scale Out,Scale Out,0.05,0.0,1.0,5.0,15.0,0.05,0.0,1.0,10,10,100.0,6.64,15.0,0.053,0.0,1.0,1.0,1,11351
2026-10-06T14:17:58.%f+00:00,IG_004c9ad300,cpu,1.0,5,Restart Service,Scale Out,0.05,0.0,1.0,5.0,15.0,0.05,0.0,1.0,10,10,100.0,6.38,15.0,0.0554,0.0,1.0,1.0,1,6823
2026-10-06T14:18:06.%f+00:00,IG_004c9ad300,cpu,1.0,5,Rollback,Scale Out,0.05,0.0,1.0,5.0,15.0,0.05,0.0,1.0,10,10,100.0,95.0,15.0,0.1967,0.0,1.0,0.9,0,6615
2026-10-06T14:18:14.%f+00:00,IG_004c9ad300,cpu,1.0,5,Restart Dependency,Scale Out,0.05,0.0,1.0,5.0,15.0,0.05,0.0,1.0,10,10,100.0,89.03,15.0,0.2095,0.0,1.0,0.9,0,6705
2026-10-06T14:18:17.%f+00:00,IG_001f51b727,cpu,1.1,6,Do Nothing,Scale Out,0.05,0.0,1.0,5.0,15.0,0.05,0.0,1.0,10,10,100.0,95.0,15.0,0.178,0.0,1.0,0.9,0,2141
2026-10-06T14:18:31.%f+00:00,IG_001f51b727,cpu,1.1,6,Scale Out,Scale Out,0.05,0.0,1.0,5.0,15.0,0.05,0.0,1.0,10,10,100.0,7.89,15.0,0.0573,0.0,1.0,1.0,1,13629
2026-10-06T14:18:39.%f+00:00,IG_001f51b727,cpu,1.1,6,Restart Service,Scale Out,0.05,0.0,1.0,5.0,15.0,0.05,0.0,1.0,10,10,100.0,6.58,15.0,0.059,0.0,1.0,1.0,1,6402
2026-10-06T14:18:49.%f+00:00,IG_001f51b727,cpu,1.1,6,Rollback,Scale Out,0.05,0.0,1.0,5.0,15.0,0.05,0.0,1.0,10,10,100.0,6.51,15.0,0.057,0.0,1.0,1.0,1,8972
2026-10-06T14:18:55.%f+00:00,IG_001f51b727,cpu,1.1,6,Restart Dependency,Scale Out,0.05,0.0,1.0,5.0,15.0,0.05,0.0,1.0,10,10,100.0,88.61,15.0,0.1495,0.0,1.0,0.9,0,4990
2026-10-06T14:18:58.%f+00:00,IG_00d2074f50,cpu,1.2000000000000002,7,Do Nothing,Scale Out,0.05,0.0,1.0,5.0,15.0,0.05,0.0,1.0,10,10,100.0,95.0,15.0,0.1315,0.0,1.0,0.9,0,2128
2026-10-06T14:19:12.%f+00:00,IG_00d2074f50,cpu,1.2000000000000002,7,Scale Out,Scale Out,0.05,0.0,1.0,5.0,15.0,0.05,0.0,1.0,10,10,100.0,6.62,15.0,0.0566,0.0,1.0,1.0,1,13472
2026-10-06T14:19:20.%f+00:00,IG_00d2074f50,cpu,1.2000000000000002,7,Restart Service,Scale Out,0.05,0.0,1.0,5.0,15.0,0.05,0.0,1.0,10,10,100.0,8.38,15.0,0.0586,0.0,1.0,1.0,1,7020
2026-10-06T14:19:28.%f+00:00,IG_00d2074f50,cpu,1.2000000000000002,7,Rollback,Scale Out,0.05,0.0,1.0,5.0,15.0,0.05,0.0,1.0,10,10,100.0,95.0,15.0,0.1451,0.0,1.0,0.9,0,6711
2026-10-06T14:19:34.%f+00:00,IG_00d2074f50,cpu,1.2000000000000002,7,Restart Dependency,Scale Out,0.05,0.0,1.0,5.0,15.0,0.05,0.0,1.0,10,10,100.0,95.0,15.0,0.2048,0.0,1.0,0.9,0,5223
2026-10-06T14:19:38.%f+00:00,IG_0209d46777,cpu,1.3,8,Do Nothing,Scale Out,0.05,0.0,1.0,5.0,15.0,0.05,0.0,1.0,10,10,100.0,95.0,15.0,0.2165,0.0,1.0,0.9,0,2124
2026-10-06T14:19:52.%f+00:00,IG_0209d46777,cpu,1.3,8,Scale Out,Scale Out,0.05,0.0,1.0,5.0,15.0,0.05,0.0,1.0,10,10,100.0,7.75,15.0,0.0525,0.0,1.0,1.0,1,13755
2026-10-06T14:19:58.%f+00:00,IG_0209d46777,cpu,1.3,8,Restart Service,Scale Out,0.05,0.0,1.0,5.0,15.0,0.05,0.0,1.0,10,10,100.0,7.51,15.0,0.0595,0.0,1.0,1.0,1,5112
2026-10-06T14:20:06.%f+00:00,IG_0209d46777,cpu,1.3,8,Rollback,Scale Out,0.05,0.0,1.0,5.0,15.0,0.05,0.0,1.0,10,10,100.0,95.0,15.0,0.2428,0.0,1.0,0.9,0,6270
2026-10-06T14:20:12.%f+00:00,IG_0209d46777,cpu,1.3,8,Restart Dependency,Scale Out,0.05,0.0,1.0,5.0,15.0,0.05,0.0,1.0,10,10,100.0,95.0,15.0,0.1865,0.0,1.0,0.9,0,5725
2026-10-06T14:20:16.%f+00:00,IG_01e121539d,cpu,1.4,9,Do Nothing,Scale Out,0.05,0.0,1.0,5.0,15.0,0.05,0.0,1.0,10,10,100.0,95.0,15.0,0.2259,0.0,1.0,0.9,0,2164
2026-10-06T14:20:28.%f+00:00,IG_01e121539d,cpu,1.4,9,Scale Out,Scale Out,0.05,0.0,1.0,5.0,15.0,0.05,0.0,1.0,10,10,100.0,7.14,15.0,0.0583,0.0,1.0,1.0,1,11746
2026-10-06T14:20:36.%f+00:00,IG_01e121539d,cpu,1.4,9,Restart Service,Scale Out,0.05,0.0,1.0,5.0,15.0,0.05,0.0,1.0,10,10,100.0,95.0,15.0,0.1776,0.0,1.0,0.9,0,6666
2026-10-06T14:20:44.%f+00:00,IG_01e121539d,cpu,1.4,9,Rollback,Scale Out,0.05,0.0,1.0,5.0,15.0,0.05,0.0,1.0,10,10,100.0,7.92,15.0,0.0531,0.0,1.0,1.0,1,7378
2026-10-06T14:20:51.%f+00:00,IG_01e121539d,cpu,1.4,9,Restart Dependency,Scale Out,0.05,0.0,1.0,5.0,15.0,0.05,0.0,1.0,10,10,100.0,95.0,15.0,0.136,0.0,1.0,0.9,0,5365
2026-10-06T14:20:54.%f+00:00,IG_0217ae3fc4,cpu,1.5,10,Do Nothing,Scale Out,0.05,0.0,1.0,5.0,15.0,0.05,0.0,1.0,10,10,100.0,95.0,15.0,0.2361,0.0,1.0,0.9,0,2076
2026-10-06T14:21:06.%f+00:00,IG_0217ae3fc4,cpu,1.5,10,Scale Out,Scale Out,0.05,0.0,1.0,5.0,15.0,0.05,0.0,1.0,10,10,100.0,8.39,15.0,0.0596,0.0,1.0,1.0,1,10519
2026-10-06T14:21:12.%f+00:00,IG_0217ae3fc4,cpu,1.5,10,Restart Service,Scale Out,0.05,0.0,1.0,5.0,15.0,0.05,0.0,1.0,10,10,100.0,7.2,15.0,0.0556,0.0,1.0,1.0,1,5482
2026-10-06T14:21:20.%f+00:00,IG_0217ae3fc4,cpu,1.5,10,Rollback,Scale Out,0.05,0.0,1.0,5.0,15.0,0.05,0.0,1.0,10,10,100.0,9.02,15.0,0.0509,0.0,1.0,1.0,1,7350
2026-10-06T14:21:27.%f+00:00,IG_0217ae3fc4,cpu,1.5,10,Restart Dependency,Scale Out,0.05,0.0,1.0,5.0,15.0,0.05,0.0,1.0,10,10,100.0,95.0,15.0,0.2331,0.0,1.0,0.9,0,5102
2026-10-06T14:21:30.%f+00:00,IG_01ccbd13e8,cpu,1.6,11,Do Nothing,Scale Out,0.05,0.0,1.0,5.0,15.0,0.05,0.0,1.0,10,10,100.0,6.95,15.0,0.0527,0.0,1.0,1.0,1,2162
2026-10-06T14:21:43.%f+00:00,IG_01ccbd13e8,cpu,1.6,11,Scale Out,Scale Out,0.05,0.0,1.0,5.0,15.0,0.05,0.0,1.0,10,10,100.0,6.69,15.0,0.0573,0.0,1.0,1.0,1,12322
2026-10-06T14:21:51.%f+00:00,IG_01ccbd13e8,cpu,1.6,11,Restart Service,Scale Out,0.05,0.0,1.0,5.0,15.0,0.05,0.0,1.0,10,10,100.0,8.39,15.0,0.0592,0.0,1.0,1.0,1,6487
2026-10-06T14:22:00.%f+00:00,IG_01ccbd13e8,cpu,1.6,11,Rollback,Scale Out,0.05,0.0,1.0,5.0,15.0,0.05,0.0,1.0,10,10,100.0,8.77,15.0,0.0585,0.0,1.0,1.0,1,8887
2026-10-06T14:22:07.%f+00:00,IG_01ccbd13e8,cpu,1.6,11,Restart Dependency,Scale Out,0.05,0.0,1.0,5.0,15.0,0.05,0.0,1.0,10,10,100.0,95.0,15.0,0.1683,0.0,1.0,0.9,0,5969
2026-10-06T14:22:11.%f+00:00,IG_0173b00810,cpu,1.7000000000000002,12,Do Nothing,Scale Out,0.05,0.0,1.0,5.0,15.0,0.05,0.0,1.0,10,10,100.0,95.0,15.0,0.2201,0.0,1.0,0.9,0,2124
2026-10-06T14:22:25.%f+00:00,IG_0173b00810,cpu,1.7000000000000002,12,Scale Out,Scale Out,0.05,0.0,1.0,5.0,15.0,0.05,0.0,1.0,10,10,100.0,9.84,15.0,0.0518,0.0,1.0,1.0,1,13296
2026-10-06T14:22:33.%f+00:00,IG_0173b00810,cpu,1.7000000000000002,12,Restart Service,Scale Out,0.05,0.0,1.0,5.0,15.0,0.05,0.0,1.0,10,10,100.0,9.14,15.0,0.0599,0.0,1.0,1.0,1,6873
2026-10-06T14:22:40.%f+00:00,IG_0173b00810,cpu,1.7000000000000002,12,Rollback,Scale Out,0.05,0.0,1.0,5.0,15.0,0.05,0.0,1.0,10,10,100.0,95.0,15.0,0.1937,0.0,1.0,0.9,0,6278
2026-10-06T14:22:47.%f+00:00,IG_0173b00810,cpu,1.7000000000000002,12,Restart Dependency,Scale Out,0.05,0.0,1.0,5.0,15.0,0.05,0.0,1.0,10,10,100.0,95.0,15.0,0.1506,0.0,1.0,0.9,0,5453
2026-10-06T14:22:50.%f+00:00,IG_020c43c038,cpu,1.8,13,Do Nothing,Scale Out,0.05,0.0,1.0,5.0,15.0,0.05,0.0,1.0,10,10,100.0,95.0,15.0,0.1526,0.0,1.0,0.9,0,2162
2026-10-06T14:23:01.%f+00:00,IG_020c43c038,cpu,1.8,13,Scale Out,Scale Out,0.05,0.0,1.0,5.0,15.0,0.05,0.0,1.0,10,10,100.0,10.33,15.0,0.0515,0.0,1.0,1.0,1,10341
2026-10-06T14:23:07.%f+00:00,IG_020c43c038,cpu,1.8,13,Restart Service,Scale Out,0.05,0.0,1.0,5.0,15.0,0.05,0.0,1.0,10,10,100.0,95.0,15.0,0.1284,0.0,1.0,0.9,0,5316
2026-10-06T14:23:15.%f+00:00,IG_020c43c038,cpu,1.8,13,Rollback,Scale Out,0.05,0.0,1.0,5.0,15.0,0.05,0.0,1.0,10,10,100.0,7.39,15.0,0.0538,0.0,1.0,1.0,1,6615
2026-10-06T14:23:21.%f+00:00,IG_020c43c038,cpu,1.8,13,Restart Dependency,Scale Out,0.05,0.0,1.0,5.0,15.0,0.05,0.0,1.0,10,10,100.0,95.0,15.0,0.1615,0.0,1.0,0.9,0,4606
2026-10-06T14:23:24.%f+00:00,IG_018cd5c05a,cpu,1.9,14,Do Nothing,Scale Out,0.05,0.0,1.0,5.0,15.0,0.05,0.0,1.0,10,10,100.0,95.0,15.0,0.2433,0.0,1.0,0.9,0,2124
2026-10-06T14:23:35.%f+00:00,IG_018cd5c05a,cpu,1.9,14,Scale Out,Scale Out,0.05,0.0,1.0,5.0,15.0,0.05,0.0,1.0,10,10,100.0,8.69,15.0,0.057,0.0,1.0,1.0,1,10647
2026-10-06T14:23:44.%f+00:00,IG_018cd5c05a,cpu,1.9,14,Restart Service,Scale Out,0.05,0.0,1.0,5.0,15.0,0.05,0.0,1.0,10,10,100.0,95.0,15.0,0.2319,0.0,1.0,0.9,0,7744
2026-10-06T14:23:53.%f+00:00,IG_018cd5c05a,cpu,1.9,14,Rollback,Scale Out,0.05,0.0,1.0,5.0,15.0,0.05,0.0,1.0,10,10,100.0,7.85,15.0,0.0551,0.0,1.0,1.0,1,7842
2026-10-06T14:24:00.%f+00:00,IG_018cd5c05a,cpu,1.9,14,Restart Dependency,Scale Out,0.05,0.0,1.0,5.0,15.0,0.05,0.0,1.0,10,10,100.0,95.0,15.0,0.1874,0.0,1.0,0.9,0,6239
2026-10-06T14:24:03.%f+00:00,IG_011240d881,memory,0.5,0,Do Nothing,Scale Out,0.05,0.0,1.0,5.0,15.0,0.05,0.0,1.0,10,10,100.0,40.28,15.0,0.1586,0.0,1.0,0.8,0,2139
2026-10-06T14:24:18.%f+00:00,IG_011240d881,memory,0.5,0,Scale Out,Scale Out,0.05,0.0,1.0,5.0,15.0,0.05,0.0,1.0,10,10,100.0,6.24,15.0,0.0516,0.0,1.0,1.0,1,13925
2026-10-06T14:24:26.%f+00:00,IG_011240d881,memory,0.5,0,Restart Service,Scale Out,0.05,0.0,1.0,5.0,15.0,0.05,0.0,1.0,10,10,100.0,5.92,15.0,0.0599,0.0,1.0,1.0,1,6767
2026-10-06T14:24:35.%f+00:00,IG_011240d881,memory,0.5,0,Rollback,Scale Out,0.05,0.0,1.0,5.0,15.0,0.05,0.0,1.0,10,10,100.0,6.12,15.0,0.054,0.0,1.0,1.0,1,7383
2026-10-06T14:24:41.%f+00:00,IG_011240d881,memory,0.5,0,Restart Dependency,Scale Out,0.05,0.0,1.0,5.0,15.0,0.05,0.0,1.0,10,10,100.0,42.39,15.0,0.1674,0.0,1.0,0.8,0,5761
2026-10-06T14:24:44.%f+00:00,IG_00351494aa,memory,0.6,1,Do Nothing,Scale Out,0.05,0.0,1.0,5.0,15.0,0.05,0.0,1.0,10,10,100.0,61.52,15.0,0.1482,0.0,1.0,0.8,0,2057
2026-10-06T14:24:56.%f+00:00,IG_00351494aa,memory,0.6,1,Scale Out,Scale Out,0.05,0.0,1.0,5.0,15.0,0.05,0.0,1.0,10,10,100.0,6.33,15.0,0.0592,0.0,1.0,1.0,1,10169
2026-10-06T14:25:04.%f+00:00,IG_00351494aa,memory,0.6,1,Restart Service,Scale Out,0.05,0.0,1.0,5.0,15.0,0.05,0.0,1.0,10,10,100.0,5.98,15.0,0.0525,0.0,1.0,1.0,1,7477
2026-10-06T14:25:12.%f+00:00,IG_00351494aa,memory,0.6,1,Rollback,Scale Out,0.05,0.0,1.0,5.0,15.0,0.05,0.0,1.0,10,10,100.0,54.78,15.0,0.1629,0.0,1.0,0.8,0,6803
2026-10-06T14:25:19.%f+00:00,IG_00351494aa,memory,0.6,1,Restart Dependency,Scale Out,0.05,0.0,1.0,5.0,15.0,0.05,0.0,1.0,10,10,100.0,53.43,15.0,0.167,0.0,1.0,0.8,0,5680
2026-10-06T14:25:22.%f+00:00,IG_01bb9c5cd0,memory,0.7,2,Do Nothing,Scale Out,0.05,0.0,1.0,5.0,15.0,0.05,0.0,1.0,10,10,100.0,74.53,15.0,0.2263,0.0,1.0,0.8,0,2122
2026-10-06T14:25:35.%f+00:00,IG_01bb9c5cd0,memory,0.7,2,Scale Out,Scale Out,0.05,0.0,1.0,5.0,15.0,0.05,0.0,1.0,10,10,100.0,6.2,15.0,0.059,0.0,1.0,1.0,1,12122
2026-10-06T14:25:43.%f+00:00,IG_01bb9c5cd0,memory,0.7,2,Restart Service,Scale Out,0.05,0.0,1.0,5.0,15.0,0.05,0.0,1.0,10,10,100.0,6.53,15.0,0.0596,0.0,1.0,1.0,1,7585
2026-10-06T14:25:51.%f+00:00,IG_01bb9c5cd0,memory,0.7,2,Rollback,Scale Out,0.05,0.0,1.0,5.0,15.0,0.05,0.0,1.0,10,10,100.0,70.97,15.0,0.1565,0.0,1.0,0.8,0,6879
2026-10-06T14:25:59.%f+00:00,IG_01bb9c5cd0,memory,0.7,2,Restart Dependency,Scale Out,0.05,0.0,1.0,5.0,15.0,0.05,0.0,1.0,10,10,100.0,58.7,15.0,0.1281,0.0,1.0,0.8,0,6630
2026-10-06T14:26:02.%f+00:00,IG_01e49d4cf8,memory,0.8,3,Do Nothing,Scale Out,0.05,0.0,1.0,5.0,15.0,0.05,0.0,1.0,10,10,100.0,71.38,15.0,0.2178,0.0,1.0,0.8,0,2110
2026-10-06T14:26:15.%f+00:00,IG_01e49d4cf8,memory,0.8,3,Scale Out,Scale Out,0.05,0.0,1.0,5.0,15.0,0.05,0.0,1.0,10,10,100.0,6.37,15.0,0.0528,0.0,1.0,1.0,1,12194
2026-10-06T14:26:24.%f+00:00,IG_01e49d4cf8,memory,0.8,3,Restart Service,Scale Out,0.05,0.0,1.0,5.0,15.0,0.05,0.0,1.0,10,10,100.0,6.85,15.0,0.0512,0.0,1.0,1.0,1,7430
2026-10-06T14:26:32.%f+00:00,IG_01e49d4cf8,memory,0.8,3,Rollback,Scale Out,0.05,0.0,1.0,5.0,15.0,0.05,0.0,1.0,10,10,100.0,83.62,15.0,0.1717,0.0,1.0,0.8,0,7400
2026-10-06T14:26:38.%f+00:00,IG_01e49d4cf8,memory,0.8,3,Restart Dependency,Scale Out,0.05,0.0,1.0,5.0,15.0,0.05,0.0,1.0,10,10,100.0,71.12,15.0,0.1284,0.0,1.0,0.8,0,4760
2026-10-06T14:26:41.%f+00:00,IG_013d6ef51f,memory,0.9,4,Do Nothing,Scale Out,0.05,0.0,1.0,5.0,15.0,0.05,0.0,1.0,10,10,100.0,91.7,15.0,0.2132,0.0,1.0,0.8,0,2125
2026-10-06T14:26:55.%f+00:00,IG_013d6ef51f,memory,0.9,4,Scale Out,Scale Out,0.05,0.0,1.0,5.0,15.0,0.05,0.0,1.0,10,10,100.0,69.48,15.0,0.1989,0.0,1.0,0.8,0,13090
2026-10-06T14:27:04.%f+00:00,IG_013d6ef51f,memory,0.9,4,Restart Service,Scale Out,0.05,0.0,1.0,5.0,15.0,0.05,0.0,1.0,10,10,100.0,6.57,15.0,0.0548,0.0,1.0,1.0,1,7588
2026-10-06T14:27:11.%f+00:00,IG_013d6ef51f,memory,0.9,4,Rollback,Scale Out,0.05,0.0,1.0,5.0,15.0,0.05,0.0,1.0,10,10,100.0,92.93,15.0,0.1974,0.0,1.0,0.8,0,6089
2026-10-06T14:27:18.%f+00:00,IG_013d6ef51f,memory,0.9,4,Restart Dependency,Scale Out,0.05,0.0,1.0,5.0,15.0,0.05,0.0,1.0,10,10,100.0,79.96,15.0,0.232,0.0,1.0,0.8,0,6409
2026-10-06T14:27:21.%f+00:00,IG_02052e1547,memory,1.0,5,Do Nothing,Scale Out,0.05,0.0,1.0,5.0,15.0,0.05,0.0,1.0,10,10,100.0,91.53,15.0,0.1915,0.0,1.0,0.8,0,2105
2026-10-06T14:27:33.%f+00:00,IG_02052e1547,memory,1.0,5,Scale Out,Scale Out,0.05,0.0,1.0,5.0,15.0,0.05,0.0,1.0,10,10,100.0,7.65,15.0,0.0587,0.0,1.0,1.0,1,10492
2026-10-06T14:27:39.%f+00:00,IG_02052e1547,memory,1.0,5,Restart Service,Scale Out,0.05,0.0,1.0,5.0,15.0,0.05,0.0,1.0,10,10,100.0,6.47,15.0,0.0545,0.0,1.0,1.0,1,5132
2026-10-06T14:27:47.%f+00:00,IG_02052e1547,memory,1.0,5,Rollback,Scale Out,0.05,0.0,1.0,5.0,15.0,0.05,0.0,1.0,10,10,100.0,6.7,15.0,0.0563,0.0,1.0,1.0,1,7351
2026-10-06T14:27:53.%f+00:00,IG_02052e1547,memory,1.0,5,Restart Dependency,Scale Out,0.05,0.0,1.0,5.0,15.0,0.05,0.0,1.0,10,10,100.0,7.76,15.0,0.0556,0.0,1.0,1.0,1,4508
2026-10-06T14:27:56.%f+00:00,IG_004dc3516a,memory,1.1,6,Do Nothing,Scale Out,0.05,0.0,1.0,5.0,15.0,0.05,0.0,1.0,10,10,100.0,95.0,15.0,0.2106,0.0,1.0,0.8,0,2065
2026-10-06T14:28:10.%f+00:00,IG_004dc3516a,memory,1.1,6,Scale Out,Scale Out,0.05,0.0,1.0,5.0,15.0,0.05,0.0,1.0,10,10,100.0,8.08,15.0,0.0589,0.0,1.0,1.0,1,13061
2026-10-06T14:28:18.%f+00:00,IG_004dc3516a,memory,1.1,6,Restart Service,Scale Out,0.05,0.0,1.0,5.0,15.0,0.05,0.0,1.0,10,10,100.0,7.18,15.0,0.0562,0.0,1.0,1.0,1,7491
2026-10-06T14:28:26.%f+00:00,IG_004dc3516a,memory,1.1,6,Rollback,Scale Out,0.05,0.0,1.0,5.0,15.0,0.05,0.0,1.0,10,10,100.0,6.26,15.0,0.0587,0.0,1.0,1.0,1,6938
2026-10-06T14:28:31.%f+00:00,IG_004dc3516a,memory,1.1,6,Restart Dependency,Scale Out,0.05,0.0,1.0,5.0,15.0,0.05,0.0,1.0,10,10,100.0,8.25,15.0,0.0504,0.0,1.0,1.0,1,4044
2026-10-06T14:28:35.%f+00:00,IG_0049b76990,memory,1.2000000000000002,7,Do Nothing,Scale Out,0.05,0.0,1.0,5.0,15.0,0.05,0.0,1.0,10,10,100.0,94.33,15.0,0.1616,0.0,1.0,0.8,0,2126
2026-10-06T14:28:47.%f+00:00,IG_0049b76990,memory,1.2000000000000002,7,Scale Out,Scale Out,0.05,0.0,1.0,5.0,15.0,0.05,0.0,1.0,10,10,100.0,8.53,15.0,0.0534,0.0,1.0,1.0,1,11812
2026-10-06T14:28:55.%f+00:00,IG_0049b76990,memory,1.2000000000000002,7,Restart Service,Scale Out,0.05,0.0,1.0,5.0,15.0,0.05,0.0,1.0,10,10,100.0,8.59,15.0,0.051,0.0,1.0,1.0,1,6666
2026-10-06T14:29:03.%f+00:00,IG_0049b76990,memory,1.2000000000000002,7,Rollback,Scale Out,0.05,0.0,1.0,5.0,15.0,0.05,0.0,1.0,10,10,100.0,95.0,15.0,0.1313,0.0,1.0,0.8,0,6847
2026-10-06T14:29:08.%f+00:00,IG_0049b76990,memory,1.2000000000000002,7,Restart Dependency,Scale Out,0.05,0.0,1.0,5.0,15.0,0.05,0.0,1.0,10,10,100.0,89.56,15.0,0.178,0.0,1.0,0.8,0,4168
2026-10-06T14:29:11.%f+00:00,IG_000adcfdb5,memory,1.3,8,Do Nothing,Scale Out,0.05,0.0,1.0,5.0,15.0,0.05,0.0,1.0,10,10,100.0,95.0,15.0,0.1624,0.0,1.0,0.8,0,2078
2026-10-06T14:29:22.%f+00:00,IG_000adcfdb5,memory,1.3,8,Scale Out,Scale Out,0.05,0.0,1.0,5.0,15.0,0.05,0.0,1.0,10,10,100.0,95.0,15.0,0.228,0.0,1.0,0.8,0,10005
2026-10-06T14:29:29.%f+00:00,IG_000adcfdb5,memory,1.3,8,Restart Service,Scale Out,0.05,0.0,1.0,5.0,15.0,0.05,0.0,1.0,10,10,100.0,6.95,15.0,0.0589,0.0,1.0,1.0,1,6014
2026-10-06T14:29:38.%f+00:00,IG_000adcfdb5,memory,1.3,8,Rollback,Scale Out,0.05,0.0,1.0,5.0,15.0,0.05,0.0,1.0,10,10,100.0,7.99,15.0,0.0522,0.0,1.0,1.0,1,7862
2026-10-06T14:29:45.%f+00:00,IG_000adcfdb5,memory,1.3,8,Restart Dependency,Scale Out,0.05,0.0,1.0,5.0,15.0,0.05,0.0,1.0,10,10,100.0,95.0,15.0,0.1666,0.0,1.0,0.8,0,5760
2026-10-06T14:29:48.%f+00:00,IG_01457485da,memory,1.4,9,Do Nothing,Scale Out,0.05,0.0,1.0,5.0,15.0,0.05,0.0,1.0,10,10,100.0,95.0,15.0,0.1678,0.0,1.0,0.8,0,2112
2026-10-06T14:30:02.%f+00:00,IG_01457485da,memory,1.4,9,Scale Out,Scale Out,0.05,0.0,1.0,5.0,15.0,0.05,0.0,1.0,10,10,100.0,9.03,15.0,0.0531,0.0,1.0,1.0,1,13477
2026-10-06T14:30:11.%f+00:00,IG_01457485da,memory,1.4,9,Restart Service,Scale Out,0.05,0.0,1.0,5.0,15.0,0.05,0.0,1.0,10,10,100.0,7.39,15.0,0.0584,0.0,1.0,1.0,1,7557
2026-10-06T14:30:18.%f+00:00,IG_01457485da,memory,1.4,9,Rollback,Scale Out,0.05,0.0,1.0,5.0,15.0,0.05,0.0,1.0,10,10,100.0,95.0,15.0,0.2106,0.0,1.0,0.8,0,6442
2026-10-06T14:30:25.%f+00:00,IG_01457485da,memory,1.4,9,Restart Dependency,Scale Out,0.05,0.0,1.0,5.0,15.0,0.05,0.0,1.0,10,10,100.0,95.0,15.0,0.1501,0.0,1.0,0.8,0,5660
2026-10-06T14:30:28.%f+00:00,IG_01e7e72202,memory,1.5,10,Do Nothing,Scale Out,0.05,0.0,1.0,5.0,15.0,0.05,0.0,1.0,10,10,100.0,95.0,15.0,0.2331,0.0,1.0,0.8,0,2090
2026-10-06T14:30:40.%f+00:00,IG_01e7e72202,memory,1.5,10,Scale Out,Scale Out,0.05,0.0,1.0,5.0,15.0,0.05,0.0,1.0,10,10,100.0,8.24,15.0,0.0534,0.0,1.0,1.0,1,10634
2026-10-06T14:30:49.%f+00:00,IG_01e7e72202,memory,1.5,10,Restart Service,Scale Out,0.05,0.0,1.0,5.0,15.0,0.05,0.0,1.0,10,10,100.0,6.9,15.0,0.0551,0.0,1.0,1.0,1,7994
2026-10-06T14:30:56.%f+00:00,IG_01e7e72202,memory,1.5,10,Rollback,Scale Out,0.05,0.0,1.0,5.0,15.0,0.05,0.0,1.0,10,10,100.0,95.0,15.0,0.1254,0.0,1.0,0.8,0,6658
2026-10-06T14:31:02.%f+00:00,IG_01e7e72202,memory,1.5,10,Restart Dependency,Scale Out,0.05,0.0,1.0,5.0,15.0,0.05,0.0,1.0,10,10,100.0,95.0,15.0,0.2381,0.0,1.0,0.8,0,4459
2026-10-06T14:31:05.%f+00:00,IG_0239d58227,memory,1.6,11,Do Nothing,Scale Out,0.05,0.0,1.0,5.0,15.0,0.05,0.0,1.0,10,10,100.0,95.0,15.0,0.2191,0.0,1.0,0.8,0,2132
2026-10-06T14:31:17.%f+00:00,IG_0239d58227,memory,1.6,11,Scale Out,Scale Out,0.05,0.0,1.0,5.0,15.0,0.05,0.0,1.0,10,10,100.0,9.4,15.0,0.0539,0.0,1.0,1.0,1,10451
2026-10-06T14:31:25.%f+00:00,IG_0239d58227,memory,1.6,11,Restart Service,Scale Out,0.05,0.0,1.0,5.0,15.0,0.05,0.0,1.0,10,10,100.0,6.8,15.0,0.0568,0.0,1.0,1.0,1,7297
2026-10-06T14:31:34.%f+00:00,IG_0239d58227,memory,1.6,11,Rollback,Scale Out,0.05,0.0,1.0,5.0,15.0,0.05,0.0,1.0,10,10,100.0,95.0,15.0,0.1722,0.0,1.0,0.8,0,8604
2026-10-06T14:31:40.%f+00:00,IG_0239d58227,memory,1.6,11,Restart Dependency,Scale Out,0.05,0.0,1.0,5.0,15.0,0.05,0.0,1.0,10,10,100.0,95.0,15.0,0.2128,0.0,1.0,0.8,0,4368
2026-10-06T14:31:43.%f+00:00,IG_0219d1b24d,memory,1.7000000000000002,12,Do Nothing,Scale Out,0.05,0.0,1.0,5.0,15.0,0.05,0.0,1.0,10,10,100.0,95.0,15.0,0.2315,0.0,1.0,0.8,0,2137
2026-10-06T14:31:56.%f+00:00,IG_0219d1b24d,memory,1.7000000000000002,12,Scale Out,Scale Out,0.05,0.0,1.0,5.0,15.0,0.05,0.0,1.0,10,10,100.0,95.0,15.0,0.2407,0.0,1.0,0.8,0,12305
2026-10-06T14:32:03.%f+00:00,IG_0219d1b24d,memory,1.7000000000000002,12,Restart Service,Scale Out,0.05,0.0,1.0,5.0,15.0,0.05,0.0,1.0,10,10,100.0,8.33,15.0,0.0522,0.0,1.0,1.0,1,5437
2026-10-06T14:32:10.%f+00:00,IG_0219d1b24d,memory,1.7000000000000002,12,Rollback,Scale Out,0.05,0.0,1.0,5.0,15.0,0.05,0.0,1.0,10,10,100.0,8.8,15.0,0.0518,0.0,1.0,1.0,1,6663
2026-10-06T14:32:16.%f+00:00,IG_0219d1b24d,memory,1.7000000000000002,12,Restart Dependency,Scale Out,0.05,0.0,1.0,5.0,15.0,0.05,0.0,1.0,10,10,100.0,95.0,15.0,0.2058,0.0,1.0,0.8,0,4147
2026-10-06T14:32:19.%f+00:00,IG_00f0145271,memory,1.8,13,Do Nothing,Scale Out,0.05,0.0,1.0,5.0,15.0,0.05,0.0,1.0,10,10,100.0,95.0,15.0,0.1485,0.0,1.0,0.8,0,2076
2026-10-06T14:32:33.%f+00:00,IG_00f0145271,memory,1.8,13,Scale Out,Scale Out,0.05,0.0,1.0,5.0,15.0,0.05,0.0,1.0,10,10,100.0,10.23,15.0,0.0584,0.0,1.0,1.0,1,12907
2026-10-06T14:32:41.%f+00:00,IG_00f0145271,memory,1.8,13,Restart Service,Scale Out,0.05,0.0,1.0,5.0,15.0,0.05,0.0,1.0,10,10,100.0,9.58,15.0,0.0574,0.0,1.0,1.0,1,7150
2026-10-06T14:32:50.%f+00:00,IG_00f0145271,memory,1.8,13,Rollback,Scale Out,0.05,0.0,1.0,5.0,15.0,0.05,0.0,1.0,10,10,100.0,95.0,15.0,0.2494,0.0,1.0,0.8,0,7843
2026-10-06T14:32:56.%f+00:00,IG_00f0145271,memory,1.8,13,Restart Dependency,Scale Out,0.05,0.0,1.0,5.0,15.0,0.05,0.0,1.0,10,10,100.0,10.32,15.0,0.0574,0.0,1.0,1.0,1,4980
2026-10-06T14:32:59.%f+00:00,IG_023e512e99,memory,1.9,14,Do Nothing,Scale Out,0.05,0.0,1.0,5.0,15.0,0.05,0.0,1.0,10,10,100.0,95.0,15.0,0.185,0.0,1.0,0.8,0,2120
2026-10-06T14:33:10.%f+00:00,IG_023e512e99,memory,1.9,14,Scale Out,Scale Out,0.05,0.0,1.0,5.0,15.0,0.05,0.0,1.0,10,10,100.0,9.87,15.0,0.0518,0.0,1.0,1.0,1,10510
2026-10-06T14:33:17.%f+00:00,IG_023e512e99,memory,1.9,14,Restart Service,Scale Out,0.05,0.0,1.0,5.0,15.0,0.05,0.0,1.0,10,10,100.0,95.0,15.0,0.1282,0.0,1.0,0.8,0,5917
2026-10-06T14:33:25.%f+00:00,IG_023e512e99,memory,1.9,14,Rollback,Scale Out,0.05,0.0,1.0,5.0,15.0,0.05,0.0,1.0,10,10,100.0,95.0,15.0,0.1371,0.0,1.0,0.8,0,6522
2026-10-06T14:33:32.%f+00:00,IG_023e512e99,memory,1.9,14,Restart Dependency,Scale Out,0.05,0.0,1.0,5.0,15.0,0.05,0.0,1.0,10,10,100.0,95.0,15.0,0.169,0.0,1.0,0.8,0,6557
2026-10-06T14:33:35.%f+00:00,IG_01dfaa96bd,latency,0.5,0,Do Nothing,Restart Service,0.05,0.0,1.0,5.0,15.0,0.05,0.0,1.0,10,10,100.0,52.63,15.0,0.2331,0.0,1.0,0.8,0,2129
2026-10-06T14:33:49.%f+00:00,IG_01dfaa96bd,latency,0.5,0,Scale Out,Restart Service,0.05,0.0,1.0,5.0,15.0,0.05,0.0,1.0,10,10,100.0,42.52,15.0,0.18,0.0,1.0,0.8,0,12560
2026-10-06T14:33:55.%f+00:00,IG_01dfaa96bd,latency,0.5,0,Restart Service,Restart Service,0.05,0.0,1.0,5.0,15.0,0.05,0.0,1.0,10,10,100.0,5.51,15.0,0.0552,0.0,1.0,1.0,1,5298
2026-10-06T14:34:03.%f+00:00,IG_01dfaa96bd,latency,0.5,0,Rollback,Restart Service,0.05,0.0,1.0,5.0,15.0,0.05,0.0,1.0,10,10,100.0,54.5,15.0,0.1927,0.0,1.0,0.8,0,6316
2026-10-06T14:34:10.%f+00:00,IG_01dfaa96bd,latency,0.5,0,Restart Dependency,Restart Service,0.05,0.0,1.0,5.0,15.0,0.05,0.0,1.0,10,10,100.0,5.7,15.0,0.0575,0.0,1.0,1.0,1,6124
2026-10-06T14:34:13.%f+00:00,IG_014df942e3,latency,0.6,1,Do Nothing,Restart Service,0.05,0.0,1.0,5.0,15.0,0.05,0.0,1.0,10,10,100.0,63.04,15.0,0.2202,0.0,1.0,0.8,0,2103
2026-10-06T14:34:26.%f+00:00,IG_014df942e3,latency,0.6,1,Scale Out,Restart Service,0.05,0.0,1.0,5.0,15.0,0.05,0.0,1.0,10,10,100.0,6.75,15.0,0.0586,0.0,1.0,1.0,1,11944
2026-10-06T14:34:32.%f+00:00,IG_014df942e3,latency,0.6,1,Restart Service,Restart Service,0.05,0.0,1.0,5.0,15.0,0.05,0.0,1.0,10,10,100.0,6.52,15.0,0.0528,0.0,1.0,1.0,1,5032
2026-10-06T14:34:39.%f+00:00,IG_014df942e3,latency,0.6,1,Rollback,Restart Service,0.05,0.0,1.0,5.0,15.0,0.05,0.0,1.0,10,10,100.0,6.71,15.0,0.0571,0.0,1.0,1.0,1,6651
2026-10-06T14:34:45.%f+00:00,IG_014df942e3,latency,0.6,1,Restart Dependency,Restart Service,0.05,0.0,1.0,5.0,15.0,0.05,0.0,1.0,10,10,100.0,47.2,15.0,0.1976,0.0,1.0,0.8,0,4593
2026-10-06T14:34:48.%f+00:00,IG_015a9f2b06,latency,0.7,2,Do Nothing,Restart Service,0.05,0.0,1.0,5.0,15.0,0.05,0.0,1.0,10,10,100.0,69.37,15.0,0.1526,0.0,1.0,0.8,0,2089
2026-10-06T14:35:02.%f+00:00,IG_015a9f2b06,latency,0.7,2,Scale Out,Restart Service,0.05,0.0,1.0,5.0,15.0,0.05,0.0,1.0,10,10,100.0,61.66,15.0,0.2212,0.0,1.0,0.8,0,12932
2026-10-06T14:35:11.%f+00:00,IG_015a9f2b06,latency,0.7,2,Restart Service,Restart Service,0.05,0.0,1.0,5.0,15.0,0.05,0.0,1.0,10,10,100.0,68.59,15.0,0.1948,0.0,1.0,0.8,0,7600
2026-10-06T14:35:19.%f+00:00,IG_015a9f2b06,latency,0.7,2,Rollback,Restart Service,0.05,0.0,1.0,5.0,15.0,0.05,0.0,1.0,10,10,100.0,5.88,15.0,0.054,0.0,1.0,1.0,1,6809
2026-10-06T14:35:26.%f+00:00,IG_015a9f2b06,latency,0.7,2,Restart Dependency,Restart Service,0.05,0.0,1.0,5.0,15.0,0.05,0.0,1.0,10,10,100.0,61.25,15.0,0.157,0.0,1.0,0.8,0,6016
2026-10-06T14:35:29.%f+00:00,IG_0067d0532f,latency,0.8,3,Do Nothing,Restart Service,0.05,0.0,1.0,5.0,15.0,0.05,0.0,1.0,10,10,100.0,74.52,15.0,0.1408,0.0,1.0,0.8,0,2135
2026-10-06T14:35:40.%f+00:00,IG_0067d0532f,latency,0.8,3,Scale Out,Restart Service,0.05,0.0,1.0,5.0,15.0,0.05,0.0,1.0,10,10,100.0,5.82,15.0,0.0547,0.0,1.0,1.0,1,10511
2026-10-06T14:35:48.%f+00:00,IG_0067d0532f,latency,0.8,3,Restart Service,Restart Service,0.05,0.0,1.0,5.0,15.0,0.05,0.0,1.0,10,10,100.0,5.83,15.0,0.0529,0.0,1.0,1.0,1,6966
2026-10-06T14:35:55.%f+00:00,IG_0067d0532f,latency,0.8,3,Rollback,Restart Service,0.05,0.0,1.0,5.0,15.0,0.05,0.0,1.0,10,10,100.0,7.04,15.0,0.0587,0.0,1.0,1.0,1,6027
2026-10-06T14:36:03.%f+00:00,IG_0067d0532f,latency,0.8,3,Restart Dependency,Restart Service,0.05,0.0,1.0,5.0,15.0,0.05,0.0,1.0,10,10,100.0,6.91,15.0,0.0538,0.0,1.0,1.0,1,6953
2026-10-06T14:36:06.%f+00:00,IG_01e081df54,latency,0.9,4,Do Nothing,Restart Service,0.05,0.0,1.0,5.0,15.0,0.05,0.0,1.0,10,10,100.0,87.62,15.0,0.1845,0.0,1.0,0.8,0,2078
2026-10-06T14:36:20.%f+00:00,IG_01e081df54,latency,0.9,4,Scale Out,Restart Service,0.05,0.0,1.0,5.0,15.0,0.05,0.0,1.0,10,10,100.0,7.31,15.0,0.0508,0.0,1.0,1.0,1,12732
2026-10-06T14:36:27.%f+00:00,IG_01e081df54,latency,0.9,4,Restart Service,Restart Service,0.05,0.0,1.0,5.0,15.0,0.05,0.0,1.0,10,10,100.0,6.96,15.0,0.0568,0.0,1.0,1.0,1,6071
2026-10-06T14:36:35.%f+00:00,IG_01e081df54,latency,0.9,4,Rollback,Restart Service,0.05,0.0,1.0,5.0,15.0,0.05,0.0,1.0,10,10,100.0,7.22,15.0,0.0528,0.0,1.0,1.0,1,7082
2026-10-06T14:36:42.%f+00:00,IG_01e081df54,latency,0.9,4,Restart Dependency,Restart Service,0.05,0.0,1.0,5.0,15.0,0.05,0.0,1.0,10,10,100.0,7.02,15.0,0.0503,0.0,1.0,1.0,1,5805
2026-10-06T14:36:45.%f+00:00,IG_00da99077b,latency,1.0,5,Do Nothing,Restart Service,0.05,0.0,1.0,5.0,15.0,0.05,0.0,1.0,10,10,100.0,95.0,15.0,0.1266,0.0,1.0,0.8,0,2102
2026-10-06T14:36:58.%f+00:00,IG_00da99077b,latency,1.0,5,Scale Out,Restart Service,0.05,0.0,1.0,5.0,15.0,0.05,0.0,1.0,10,10,100.0,6.27,15.0,0.0518,0.0,1.0,1.0,1,12208
2026-10-06T14:37:05.%f+00:00,IG_00da99077b,latency,1.0,5,Restart Service,Restart Service,0.05,0.0,1.0,5.0,15.0,0.05,0.0,1.0,10,10,100.0,6.41,15.0,0.0502,0.0,1.0,1.0,1,5517
2026-10-06T14:37:14.%f+00:00,IG_00da99077b,latency,1.0,5,Rollback,Restart Service,0.05,0.0,1.0,5.0,15.0,0.05,0.0,1.0,10,10,100.0,7.03,15.0,0.0504,0.0,1.0,1.0,1,7619
2026-10-06T14:37:21.%f+00:00,IG_00da99077b,latency,1.0,5,Restart Dependency,Restart Service,0.05,0.0,1.0,5.0,15.0,0.05,0.0,1.0,10,10,100.0,84.9,15.0,0.1618,0.0,1.0,0.8,0,6612
2026-10-06T14:37:24.%f+00:00,IG_0110f5f3a2,latency,1.1,6,Do Nothing,Restart Service,0.05,0.0,1.0,5.0,15.0,0.05,0.0,1.0,10,10,100.0,95.0,15.0,0.1438,0.0,1.0,0.8,0,2054
2026-10-06T14:37:37.%f+00:00,IG_0110f5f3a2,latency,1.1,6,Scale Out,Restart Service,0.05,0.0,1.0,5.0,15.0,0.05,0.0,1.0,10,10,100.0,95.0,15.0,0.1517,0.0,1.0,0.8,0,12152
2026-10-06T14:37:44.%f+00:00,IG_0110f5f3a2,latency,1.1,6,Restart Service,Restart Service,0.05,0.0,1.0,5.0,15.0,0.05,0.0,1.0,10,10,100.0,7.33,15.0,0.051,0.0,1.0,1.0,1,5505
2026-10-06T14:37:54.%f+00:00,IG_0110f5f3a2,latency,1.1,6,Rollback,Restart Service,0.05,0.0,1.0,5.0,15.0,0.05,0.0,1.0,10,10,100.0,8.2,15.0,0.0579,0.0,1.0,1.0,1,8990
2026-10-06T14:38:00.%f+00:00,IG_0110f5f3a2,latency,1.1,6,Restart Dependency,Restart Service,0.05,0.0,1.0,5.0,15.0,0.05,0.0,1.0,10,10,100.0,6.97,15.0,0.0546,0.0,1.0,1.0,1,4835
2026-10-06T14:38:03.%f+00:00,IG_00da0dbfc9,latency,1.2000000000000002,7,Do Nothing,Restart Service,0.05,0.0,1.0,5.0,15.0,0.05,0.0,1.0,10,10,100.0,95.0,15.0,0.1405,0.0,1.0,0.8,0,2070
2026-10-06T14:38:17.%f+00:00,IG_00da0dbfc9,latency,1.2000000000000002,7,Scale Out,Restart Service,0.05,0.0,1.0,5.0,15.0,0.05,0.0,1.0,10,10,100.0,6.73,15.0,0.0566,0.0,1.0,1.0,1,12846
2026-10-06T14:38:24.%f+00:00,IG_00da0dbfc9,latency,1.2000000000000002,7,Restart Service,Restart Service,0.05,0.0,1.0,5.0,15.0,0.05,0.0,1.0,10,10,100.0,6.28,15.0,0.0525,0.0,1.0,1.0,1,6629
2026-10-06T14:38:34.%f+00:00,IG_00da0dbfc9,latency,1.2000000000000002,7,Rollback,Restart Service,0.05,0.0,1.0,5.0,15.0,0.05,0.0,1.0,10,10,100.0,7.99,15.0,0.0535,0.0,1.0,1.0,1,8867
2026-10-06T14:38:39.%f+00:00,IG_00da0dbfc9,latency,1.2000000000000002,7,Restart Dependency,Restart Service,0.05,0.0,1.0,5.0,15.0,0.05,0.0,1.0,10,10,100.0,8.5,15.0,0.0584,0.0,1.0,1.0,1,4128
2026-10-06T14:38:42.%f+00:00,IG_0122ad1bf0,latency,1.3,8,Do Nothing,Restart Service,0.05,0.0,1.0,5.0,15.0,0.05,0.0,1.0,10,10,100.0,95.0,15.0,0.1984,0.0,1.0,0.8,0,2109
2026-10-06T14:38:56.%f+00:00,IG_0122ad1bf0,latency,1.3,8,Scale Out,Restart Service,0.05,0.0,1.0,5.0,15.0,0.05,0.0,1.0,10,10,100.0,6.89,15.0,0.0592,0.0,1.0,1.0,1,12172
2026-10-06T14:39:03.%f+00:00,IG_0122ad1bf0,latency,1.3,8,Restart Service,Restart Service,0.05,0.0,1.0,5.0,15.0,0.05,0.0,1.0,10,10,100.0,7.26,15.0,0.0521,0.0,1.0,1.0,1,6415
2026-10-06T14:39:10.%f+00:00,IG_0122ad1bf0,latency,1.3,8,Rollback,Restart Service,0.05,0.0,1.0,5.0,15.0,0.05,0.0,1.0,10,10,100.0,8.28,15.0,0.05,0.0,1.0,1.0,1,6212
2026-10-06T14:39:16.%f+00:00,IG_0122ad1bf0,latency,1.3,8,Restart Dependency,Restart Service,0.05,0.0,1.0,5.0,15.0,0.05,0.0,1.0,10,10,100.0,6.49,15.0,0.058,0.0,1.0,1.0,1,4342
2026-10-06T14:39:19.%f+00:00,IG_0206c48015,latency,1.4,9,Do Nothing,Restart Service,0.05,0.0,1.0,5.0,15.0,0.05,0.0,1.0,10,10,100.0,95.0,15.0,0.178,0.0,1.0,0.8,0,2077
2026-10-06T14:39:33.%f+00:00,IG_0206c48015,latency,1.4,9,Scale Out,Restart Service,0.05,0.0,1.0,5.0,15.0,0.05,0.0,1.0,10,10,100.0,95.0,15.0,0.1392,0.0,1.0,0.8,0,13526
2026-10-06T14:39:42.%f+00:00,IG_0206c48015,latency,1.4,9,Restart Service,Restart Service,0.05,0.0,1.0,5.0,15.0,0.05,0.0,1.0,10,10,100.0,6.8,15.0,0.0583,0.0,1.0,1.0,1,7366
2026-10-06T14:39:51.%f+00:00,IG_0206c48015,latency,1.4,9,Rollback,Restart Service,0.05,0.0,1.0,5.0,15.0,0.05,0.0,1.0,10,10,100.0,9.05,15.0,0.058,0.0,1.0,1.0,1,8148
2026-10-06T14:39:58.%f+00:00,IG_0206c48015,latency,1.4,9,Restart Dependency,Restart Service,0.05,0.0,1.0,5.0,15.0,0.05,0.0,1.0,10,10,100.0,95.0,15.0,0.1758,0.0,1.0,0.8,0,5852
2026-10-06T14:40:01.%f+00:00,IG_02087dd03f,latency,1.5,10,Do Nothing,Restart Service,0.05,0.0,1.0,5.0,15.0,0.05,0.0,1.0,10,10,100.0,95.0,15.0,0.2376,0.0,1.0,0.8,0,2121
2026-10-06T14:40:13.%f+00:00,IG_02087dd03f,latency,1.5,10,Scale Out,Restart Service,0.05,0.0,1.0,5.0,15.0,0.05,0.0,1.0,10,10,100.0,6.75,15.0,0.0555,0.0,1.0,1.0,1,10756
2026-10-06T14:40:20.%f+00:00,IG_02087dd03f,latency,1.5,10,Restart Service,Restart Service,0.05,0.0,1.0,5.0,15.0,0.05,0.0,1.0,10,10,100.0,7.35,15.0,0.0521,0.0,1.0,1.0,1,6163
2026-10-06T14:40:29.%f+00:00,IG_02087dd03f,latency,1.5,10,Rollback,Restart Service,0.05,0.0,1.0,5.0,15.0,0.05,0.0,1.0,10,10,100.0,8.22,15.0,0.0538,0.0,1.0,1.0,1,8450
2026-10-06T14:40:36.%f+00:00,IG_02087dd03f,latency,1.5,10,Restart Dependency,Restart Service,0.05,0.0,1.0,5.0,15.0,0.05,0.0,1.0,10,10,100.0,95.0,15.0,0.1264,0.0,1.0,0.8,0,6145
2026-10-06T14:40:40.%f+00:00,IG_01379bfc65,latency,1.6,11,Do Nothing,Restart Service,0.05,0.0,1.0,5.0,15.0,0.05,0.0,1.0,10,10,100.0,7.36,15.0,0.058,0.0,1.0,1.0,1,2146
2026-10-06T14:40:51.%f+00:00,IG_01379bfc65,latency,1.6,11,Scale Out,Restart Service,0.05,0.0,1.0,5.0,15.0,0.05,0.0,1.0,10,10,100.0,95.0,15.0,0.239,0.0,1.0,0.8,0,10944
2026-10-06T14:40:58.%f+00:00,IG_01379bfc65,latency,1.6,11,Restart Service,Restart Service,0.05,0.0,1.0,5.0,15.0,0.05,0.0,1.0,10,10,100.0,7.69,15.0,0.056,0.0,1.0,1.0,1,5570
2026-10-06T14:41:08.%f+00:00,IG_01379bfc65,latency,1.6,11,Rollback,Restart Service,0.05,0.0,1.0,5.0,15.0,0.05,0.0,1.0,10,10,100.0,9.11,15.0,0.0526,0.0,1.0,1.0,1,8791
2026-10-06T14:41:16.%f+00:00,IG_01379bfc65,latency,1.6,11,Restart Dependency,Restart Service,0.05,0.0,1.0,5.0,15.0,0.05,0.0,1.0,10,10,100.0,95.0,15.0,0.1766,0.0,1.0,0.8,0,6985
2026-10-06T14:41:19.%f+00:00,IG_00aaf0588d,latency,1.7000000000000002,12,Do Nothing,Restart Service,0.05,0.0,1.0,5.0,15.0,0.05,0.0,1.0,10,10,100.0,95.0,15.0,0.1974,0.0,1.0,0.8,0,2144
2026-10-06T14:41:32.%f+00:00,IG_00aaf0588d,latency,1.7000000000000002,12,Scale Out,Restart Service,0.05,0.0,1.0,5.0,15.0,0.05,0.0,1.0,10,10,100.0,95.0,15.0,0.1326,0.0,1.0,0.8,0,11875
2026-10-06T14:41:39.%f+00:00,IG_00aaf0588d,latency,1.7000000000000002,12,Restart Service,Restart Service,0.05,0.0,1.0,5.0,15.0,0.05,0.0,1.0,10,10,100.0,9.68,15.0,0.0566,0.0,1.0,1.0,1,6064
2026-10-06T14:41:48.%f+00:00,IG_00aaf0588d,latency,1.7000000000000002,12,Rollback,Restart Service,0.05,0.0,1.0,5.0,15.0,0.05,0.0,1.0,10,10,100.0,9.71,15.0,0.0574,0.0,1.0,1.0,1,8182
2026-10-06T14:41:54.%f+00:00,IG_00aaf0588d,latency,1.7000000000000002,12,Restart Dependency,Restart Service,0.05,0.0,1.0,5.0,15.0,0.05,0.0,1.0,10,10,100.0,8.16,15.0,0.0503,0.0,1.0,1.0,1,4929
2026-10-06T14:41:57.%f+00:00,IG_007f4594b3,latency,1.8,13,Do Nothing,Restart Service,0.05,0.0,1.0,5.0,15.0,0.05,0.0,1.0,10,10,100.0,8.95,15.0,0.0549,0.0,1.0,1.0,1,2149
2026-10-06T14:42:12.%f+00:00,IG_007f4594b3,latency,1.8,13,Scale Out,Restart Service,0.05,0.0,1.0,5.0,15.0,0.05,0.0,1.0,10,10,100.0,95.0,15.0,0.1481,0.0,1.0,0.8,0,13567
2026-10-06T14:42:18.%f+00:00,IG_007f4594b3,latency,1.8,13,Restart Service,Restart Service,0.05,0.0,1.0,5.0,15.0,0.05,0.0,1.0,10,10,100.0,10.37,15.0,0.0554,0.0,1.0,1.0,1,5571
2026-10-06T14:42:26.%f+00:00,IG_007f4594b3,latency,1.8,13,Rollback,Restart Service,0.05,0.0,1.0,5.0,15.0,0.05,0.0,1.0,10,10,100.0,6.89,15.0,0.0531,0.0,1.0,1.0,1,6139
2026-10-06T14:42:31.%f+00:00,IG_007f4594b3,latency,1.8,13,Restart Dependency,Restart Service,0.05,0.0,1.0,5.0,15.0,0.05,0.0,1.0,10,10,100.0,95.0,15.0,0.1657,0.0,1.0,0.8,0,4635
2026-10-06T14:42:34.%f+00:00,IG_0216387cd8,latency,1.9,14,Do Nothing,Restart Service,0.05,0.0,1.0,5.0,15.0,0.05,0.0,1.0,10,10,100.0,95.0,15.0,0.182,0.0,1.0,0.8,0,2075
2026-10-06T14:42:46.%f+00:00,IG_0216387cd8,latency,1.9,14,Scale Out,Restart Service,0.05,0.0,1.0,5.0,15.0,0.05,0.0,1.0,10,10,100.0,95.0,15.0,0.1921,0.0,1.0,0.8,0,11116
2026-10-06T14:42:54.%f+00:00,IG_0216387cd8,latency,1.9,14,Restart Service,Restart Service,0.05,0.0,1.0,5.0,15.0,0.05,0.0,1.0,10,10,100.0,7.06,15.0,0.0511,0.0,1.0,1.0,1,6840
2026-10-06T14:43:04.%f+00:00,IG_0216387cd8,latency,1.9,14,Rollback,Restart Service,0.05,0.0,1.0,5.0,15.0,0.05,0.0,1.0,10,10,100.0,9.4,15.0,0.0581,0.0,1.0,1.0,1,8942
2026-10-06T14:43:10.%f+00:00,IG_0216387cd8,latency,1.9,14,Restart Dependency,Restart Service,0.05,0.0,1.0,5.0,15.0,0.05,0.0,1.0,10,10,100.0,7.26,15.0,0.0592,0.0,1.0,1.0,1,4652
2026-10-06T14:43:13.%f+00:00,IG_0133f090ff,errors,0.5,0,Do Nothing,Rollback,0.05,0.0,1.0,5.0,15.0,0.05,0.0,1.0,10,10,100.0,54.7,15.0,0.162,0.15,1.0,0.8,0,2088
2026-10-06T14:43:25.%f+00:00,IG_0133f090ff,errors,0.5,0,Scale Out,Rollback,0.05,0.0,1.0,5.0,15.0,0.05,0.0,1.0,10,10,100.0,49.43,15.0,0.1893,0.15,1.0,0.8,0,10723
2026-10-06T14:43:31.%f+00:00,IG_0133f090ff,errors,0.5,0,Restart Service,Rollback,0.05,0.0,1.0,5.0,15.0,0.05,0.0,1.0,10,10,100.0,6.14,15.0,0.0508,0.0,1.0,1.0,1,5175
2026-10-06T14:43:39.%f+00:00,IG_0133f090ff,errors,0.5,0,Rollback,Rollback,0.05,0.0,1.0,5.0,15.0,0.05,0.0,1.0,10,10,100.0,5.89,15.0,0.0579,0.0,1.0,1.0,1,7046
2026-10-06T14:43:45.%f+00:00,IG_0133f090ff,errors,0.5,0,Restart Dependency,Rollback,0.05,0.0,1.0,5.0,15.0,0.05,0.0,1.0,10,10,100.0,46.05,15.0,0.1921,0.15,1.0,0.8,0,5037
2026-10-06T14:43:48.%f+00:00,IG_00320ced22,errors,0.6,1,Do Nothing,Rollback,0.05,0.0,1.0,5.0,15.0,0.05,0.0,1.0,10,10,100.0,58.67,15.0,0.144,0.15,1.0,0.8,0,2127
2026-10-06T14:44:02.%f+00:00,IG_00320ced22,errors,0.6,1,Scale Out,Rollback,0.05,0.0,1.0,5.0,15.0,0.05,0.0,1.0,10,10,100.0,54.6,15.0,0.1438,0.15,1.0,0.8,0,12912
2026-10-06T14:44:09.%f+00:00,IG_00320ced22,errors,0.6,1,Restart Service,Rollback,0.05,0.0,1.0,5.0,15.0,0.05,0.0,1.0,10,10,100.0,6.69,15.0,0.0577,0.0,1.0,1.0,1,5807
2026-10-06T14:44:17.%f+00:00,IG_00320ced22,errors,0.6,1,Rollback,Rollback,0.05,0.0,1.0,5.0,15.0,0.05,0.0,1.0,10,10,100.0,5.96,15.0,0.0597,0.0,1.0,1.0,1,6657
2026-10-06T14:44:23.%f+00:00,IG_00320ced22,errors,0.6,1,Restart Dependency,Rollback,0.05,0.0,1.0,5.0,15.0,0.05,0.0,1.0,10,10,100.0,6.36,15.0,0.0525,0.0,1.0,1.0,1,5824
2026-10-06T14:44:27.%f+00:00,IG_00ca88d148,errors,0.7,2,Do Nothing,Rollback,0.05,0.0,1.0,5.0,15.0,0.05,0.0,1.0,10,10,100.0,72.12,15.0,0.143,0.15,1.0,0.8,0,2134
2026-10-06T14:44:40.%f+00:00,IG_00ca88d148,errors,0.7,2,Scale Out,Rollback,0.05,0.0,1.0,5.0,15.0,0.05,0.0,1.0,10,10,100.0,67.85,15.0,0.1568,0.15,1.0,0.8,0,12601
2026-10-06T14:44:48.%f+00:00,IG_00ca88d148,errors,0.7,2,Restart Service,Rollback,0.05,0.0,1.0,5.0,15.0,0.05,0.0,1.0,10,10,100.0,6.57,15.0,0.0573,0.0,1.0,1.0,1,7223
2026-10-06T14:44:56.%f+00:00,IG_00ca88d148,errors,0.7,2,Rollback,Rollback,0.05,0.0,1.0,5.0,15.0,0.05,0.0,1.0,10,10,100.0,6.92,15.0,0.0549,0.0,1.0,1.0,1,6477
2026-10-06T14:45:01.%f+00:00,IG_00ca88d148,errors,0.7,2,Restart Dependency,Rollback,0.05,0.0,1.0,5.0,15.0,0.05,0.0,1.0,10,10,100.0,6.81,15.0,0.0559,0.0,1.0,1.0,1,4009
2026-10-06T14:45:04.%f+00:00,IG_01ae5c596e,errors,0.8,3,Do Nothing,Rollback,0.05,0.0,1.0,5.0,15.0,0.05,0.0,1.0,10,10,100.0,77.89,15.0,0.148,0.15,1.0,0.8,0,2081
2026-10-06T14:45:18.%f+00:00,IG_01ae5c596e,errors,0.8,3,Scale Out,Rollback,0.05,0.0,1.0,5.0,15.0,0.05,0.0,1.0,10,10,100.0,71.6,15.0,0.1807,0.15,1.0,0.8,0,12981
2026-10-06T14:45:25.%f+00:00,IG_01ae5c596e,errors,0.8,3,Restart Service,Rollback,0.05,0.0,1.0,5.0,15.0,0.05,0.0,1.0,10,10,100.0,6.06,15.0,0.0554,0.0,1.0,1.0,1,5681
2026-10-06T14:45:32.%f+00:00,IG_01ae5c596e,errors,0.8,3,Rollback,Rollback,0.05,0.0,1.0,5.0,15.0,0.05,0.0,1.0,10,10,100.0,6.28,15.0,0.0507,0.0,1.0,1.0,1,6419
2026-10-06T14:45:37.%f+00:00,IG_01ae5c596e,errors,0.8,3,Restart Dependency,Rollback,0.05,0.0,1.0,5.0,15.0,0.05,0.0,1.0,10,10,100.0,72.92,15.0,0.162,0.15,1.0,0.8,0,4189
2026-10-06T14:45:40.%f+00:00,IG_015ed3a592,errors,0.9,4,Do Nothing,Rollback,0.05,0.0,1.0,5.0,15.0,0.05,0.0,1.0,10,10,100.0,84.87,15.0,0.1537,0.15,1.0,0.8,0,2130
2026-10-06T14:45:53.%f+00:00,IG_015ed3a592,errors,0.9,4,Scale Out,Rollback,0.05,0.0,1.0,5.0,15.0,0.05,0.0,1.0,10,10,100.0,75.86,15.0,0.1708,0.15,1.0,0.8,0,11112
2026-10-06T14:46:00.%f+00:00,IG_015ed3a592,errors,0.9,4,Restart Service,Rollback,0.05,0.0,1.0,5.0,15.0,0.05,0.0,1.0,10,10,100.0,6.08,15.0,0.0548,0.0,1.0,1.0,1,6779
2026-10-06T14:46:08.%f+00:00,IG_015ed3a592,errors,0.9,4,Rollback,Rollback,0.05,0.0,1.0,5.0,15.0,0.05,0.0,1.0,10,10,100.0,6.81,15.0,0.0543,0.0,1.0,1.0,1,6118
2026-10-06T14:46:14.%f+00:00,IG_015ed3a592,errors,0.9,4,Restart Dependency,Rollback,0.05,0.0,1.0,5.0,15.0,0.05,0.0,1.0,10,10,100.0,6.47,15.0,0.0535,0.0,1.0,1.0,1,5646
2026-10-06T14:46:17.%f+00:00,IG_0197a89db7,errors,1.0,5,Do Nothing,Rollback,0.05,0.0,1.0,5.0,15.0,0.05,0.0,1.0,10,10,100.0,81.61,15.0,0.2424,0.15,1.0,0.8,0,2108
2026-10-06T14:46:32.%f+00:00,IG_0197a89db7,errors,1.0,5,Scale Out,Rollback,0.05,0.0,1.0,5.0,15.0,0.05,0.0,1.0,10,10,100.0,95.0,15.0,0.1399,0.15,1.0,0.8,0,13543
2026-10-06T14:46:38.%f+00:00,IG_0197a89db7,errors,1.0,5,Restart Service,Rollback,0.05,0.0,1.0,5.0,15.0,0.05,0.0,1.0,10,10,100.0,81.71,15.0,0.1887,0.15,1.0,0.8,0,5324
2026-10-06T14:46:47.%f+00:00,IG_0197a89db7,errors,1.0,5,Rollback,Rollback,0.05,0.0,1.0,5.0,15.0,0.05,0.0,1.0,10,10,100.0,6.53,15.0,0.0503,0.0,1.0,1.0,1,7333
2026-10-06T14:46:53.%f+00:00,IG_0197a89db7,errors,1.0,5,Restart Dependency,Rollback,0.05,0.0,1.0,5.0,15.0,0.05,0.0,1.0,10,10,100.0,95.0,15.0,0.2136,0.15,1.0,0.8,0,5141
2026-10-06T14:46:56.%f+00:00,IG_00780305de,errors,1.1,6,Do Nothing,Rollback,0.05,0.0,1.0,5.0,15.0,0.05,0.0,1.0,10,10,100.0,95.0,15.0,0.2195,0.15,1.0,0.8,0,2087
2026-10-06T14:47:09.%f+00:00,IG_00780305de,errors,1.1,6,Scale Out,Rollback,0.05,0.0,1.0,5.0,15.0,0.05,0.0,1.0,10,10,100.0,95.0,15.0,0.2148,0.15,1.0,0.8,0,12200
2026-10-06T14:47:18.%f+00:00,IG_00780305de,errors,1.1,6,Restart Service,Rollback,0.05,0.0,1.0,5.0,15.0,0.05,0.0,1.0,10,10,100.0,7.08,15.0,0.0586,0.0,1.0,1.0,1,7780
2026-10-06T14:47:27.%f+00:00,IG_00780305de,errors,1.1,6,Rollback,Rollback,0.05,0.0,1.0,5.0,15.0,0.05,0.0,1.0,10,10,100.0,8.23,15.0,0.0595,0.0,1.0,1.0,1,8391
2026-10-06T14:47:34.%f+00:00,IG_00780305de,errors,1.1,6,Restart Dependency,Rollback,0.05,0.0,1.0,5.0,15.0,0.05,0.0,1.0,10,10,100.0,95.0,15.0,0.129,0.15,1.0,0.8,0,5394
2026-10-06T14:47:37.%f+00:00,IG_00c5dcca07,errors,1.2000000000000002,7,Do Nothing,Rollback,0.05,0.0,1.0,5.0,15.0,0.05,0.0,1.0,10,10,100.0,95.0,15.0,0.234,0.15,1.0,0.8,0,2131
2026-10-06T14:47:50.%f+00:00,IG_00c5dcca07,errors,1.2000000000000002,7,Scale Out,Rollback,0.05,0.0,1.0,5.0,15.0,0.05,0.0,1.0,10,10,100.0,95.0,15.0,0.1481,0.15,1.0,0.8,0,12411
2026-10-06T14:47:59.%f+00:00,IG_00c5dcca07,errors,1.2000000000000002,7,Restart Service,Rollback,0.05,0.0,1.0,5.0,15.0,0.05,0.0,1.0,10,10,100.0,7.33,15.0,0.0584,0.0,1.0,1.0,1,7655
2026-10-06T14:48:07.%f+00:00,IG_00c5dcca07,errors,1.2000000000000002,7,Rollback,Rollback,0.05,0.0,1.0,5.0,15.0,0.05,0.0,1.0,10,10,100.0,8.28,15.0,0.0513,0.0,1.0,1.0,1,7627
2026-10-06T14:48:14.%f+00:00,IG_00c5dcca07,errors,1.2000000000000002,7,Restart Dependency,Rollback,0.05,0.0,1.0,5.0,15.0,0.05,0.0,1.0,10,10,100.0,95.0,15.0,0.2104,0.15,1.0,0.8,0,6051
2026-10-06T14:48:18.%f+00:00,IG_015710f630,errors,1.3,8,Do Nothing,Rollback,0.05,0.0,1.0,5.0,15.0,0.05,0.0,1.0,10,10,100.0,95.0,15.0,0.1472,0.15,1.0,0.8,0,2116
2026-10-06T14:48:32.%f+00:00,IG_015710f630,errors,1.3,8,Scale Out,Rollback,0.05,0.0,1.0,5.0,15.0,0.05,0.0,1.0,10,10,100.0,7.67,15.0,0.0522,0.0,1.0,1.0,1,13433
2026-10-06T14:48:41.%f+00:00,IG_015710f630,errors,1.3,8,Restart Service,Rollback,0.05,0.0,1.0,5.0,15.0,0.05,0.0,1.0,10,10,100.0,8.24,15.0,0.0542,0.0,1.0,1.0,1,7736
2026-10-06T14:48:51.%f+00:00,IG_015710f630,errors,1.3,8,Rollback,Rollback,0.05,0.0,1.0,5.0,15.0,0.05,0.0,1.0,10,10,100.0,6.32,15.0,0.0559,0.0,1.0,1.0,1,8993
2026-10-06T14:48:58.%f+00:00,IG_015710f630,errors,1.3,8,Restart Dependency,Rollback,0.05,0.0,1.0,5.0,15.0,0.05,0.0,1.0,10,10,100.0,95.0,15.0,0.1629,0.15,1.0,0.8,0,5707
2026-10-06T14:49:01.%f+00:00,IG_013c1be25b,errors,1.4,9,Do Nothing,Rollback,0.05,0.0,1.0,5.0,15.0,0.05,0.0,1.0,10,10,100.0,95.0,15.0,0.198,0.15,1.0,0.8,0,2116
2026-10-06T14:49:14.%f+00:00,IG_013c1be25b,errors,1.4,9,Scale Out,Rollback,0.05,0.0,1.0,5.0,15.0,0.05,0.0,1.0,10,10,100.0,95.0,15.0,0.1705,0.15,1.0,0.8,0,12550
2026-10-06T14:49:22.%f+00:00,IG_013c1be25b,errors,1.4,9,Restart Service,Rollback,0.05,0.0,1.0,5.0,15.0,0.05,0.0,1.0,10,10,100.0,95.0,15.0,0.1856,0.15,1.0,0.8,0,6295
2026-10-06T14:49:30.%f+00:00,IG_013c1be25b,errors,1.4,9,Rollback,Rollback,0.05,0.0,1.0,5.0,15.0,0.05,0.0,1.0,10,10,100.0,8.77,15.0,0.0594,0.0,1.0,1.0,1,7942
2026-10-06T14:49:38.%f+00:00,IG_013c1be25b,errors,1.4,9,Restart Dependency,Rollback,0.05,0.0,1.0,5.0,15.0,0.05,0.0,1.0,10,10,100.0,95.0,15.0,0.1432,0.15,1.0,0.8,0,6615
2026-10-06T14:49:41.%f+00:00,IG_007e7dc683,errors,1.5,10,Do Nothing,Rollback,0.05,0.0,1.0,5.0,15.0,0.05,0.0,1.0,10,10,100.0,95.0,15.0,0.1596,0.15,1.0,0.8,0,2100
2026-10-06T14:49:56.%f+00:00,IG_007e7dc683,errors,1.5,10,Scale Out,Rollback,0.05,0.0,1.0,5.0,15.0,0.05,0.0,1.0,10,10,100.0,95.0,15.0,0.1748,0.15,1.0,0.8,0,13672
2026-10-06T14:50:04.%f+00:00,IG_007e7dc683,errors,1.5,10,Restart Service,Rollback,0.05,0.0,1.0,5.0,15.0,0.05,0.0,1.0,10,10,100.0,8.2,15.0,0.0566,0.0,1.0,1.0,1,7013
2026-10-06T14:50:12.%f+00:00,IG_007e7dc683,errors,1.5,10,Rollback,Rollback,0.05,0.0,1.0,5.0,15.0,0.05,0.0,1.0,10,10,100.0,7.2,15.0,0.0515,0.0,1.0,1.0,1,6649
2026-10-06T14:50:18.%f+00:00,IG_007e7dc683,errors,1.5,10,Restart Dependency,Rollback,0.05,0.0,1.0,5.0,15.0,0.05,0.0,1.0,10,10,100.0,95.0,15.0,0.1464,0.15,1.0,0.8,0,5691
2026-10-06T14:50:21.%f+00:00,IG_010efeceab,errors,1.6,11,Do Nothing,Rollback,0.05,0.0,1.0,5.0,15.0,0.05,0.0,1.0,10,10,100.0,95.0,15.0,0.1416,0.15,1.0,0.8,0,2056
2026-10-06T14:50:35.%f+00:00,IG_010efeceab,errors,1.6,11,Scale Out,Rollback,0.05,0.0,1.0,5.0,15.0,0.05,0.0,1.0,10,10,100.0,95.0,15.0,0.2143,0.15,1.0,0.8,0,12707
2026-10-06T14:50:42.%f+00:00,IG_010efeceab,errors,1.6,11,Restart Service,Rollback,0.05,0.0,1.0,5.0,15.0,0.05,0.0,1.0,10,10,100.0,7.72,15.0,0.056,0.0,1.0,1.0,1,6405
2026-10-06T14:50:50.%f+00:00,IG_010efeceab,errors,1.6,11,Rollback,Rollback,0.05,0.0,1.0,5.0,15.0,0.05,0.0,1.0,10,10,100.0,8.28,15.0,0.0503,0.0,1.0,1.0,1,6345
2026-10-06T14:50:57.%f+00:00,IG_010efeceab,errors,1.6,11,Restart Dependency,Rollback,0.05,0.0,1.0,5.0,15.0,0.05,0.0,1.0,10,10,100.0,95.0,15.0,0.1783,0.15,1.0,0.8,0,6610
2026-10-06T14:51:01.%f+00:00,IG_01ec9016d2,errors,1.7000000000000002,12,Do Nothing,Rollback,0.05,0.0,1.0,5.0,15.0,0.05,0.0,1.0,10,10,100.0,95.0,15.0,0.2346,0.15,1.0,0.8,0,2122
2026-10-06T14:51:12.%f+00:00,IG_01ec9016d2,errors,1.7000000000000002,12,Scale Out,Rollback,0.05,0.0,1.0,5.0,15.0,0.05,0.0,1.0,10,10,100.0,95.0,15.0,0.1752,0.15,1.0,0.8,0,10533
2026-10-06T14:51:18.%f+00:00,IG_01ec9016d2,errors,1.7000000000000002,12,Restart Service,Rollback,0.05,0.0,1.0,5.0,15.0,0.05,0.0,1.0,10,10,100.0,8.7,15.0,0.0533,0.0,1.0,1.0,1,5177
2026-10-06T14:51:28.%f+00:00,IG_01ec9016d2,errors,1.7000000000000002,12,Rollback,Rollback,0.05,0.0,1.0,5.0,15.0,0.05,0.0,1.0,10,10,100.0,10.01,15.0,0.058,0.0,1.0,1.0,1,8327
2026-10-06T14:51:34.%f+00:00,IG_01ec9016d2,errors,1.7000000000000002,12,Restart Dependency,Rollback,0.05,0.0,1.0,5.0,15.0,0.05,0.0,1.0,10,10,100.0,95.0,15.0,0.247,0.15,1.0,0.8,0,4966
2026-10-06T14:51:37.%f+00:00,IG_02124022f7,errors,1.8,13,Do Nothing,Rollback,0.05,0.0,1.0,5.0,15.0,0.05,0.0,1.0,10,10,100.0,95.0,15.0,0.211,0.15,1.0,0.8,0,2101
2026-10-06T14:51:50.%f+00:00,IG_02124022f7,errors,1.8,13,Scale Out,Rollback,0.05,0.0,1.0,5.0,15.0,0.05,0.0,1.0,10,10,100.0,95.0,15.0,0.2299,0.15,1.0,0.8,0,11873
2026-10-06T14:51:58.%f+00:00,IG_02124022f7,errors,1.8,13,Restart Service,Rollback,0.05,0.0,1.0,5.0,15.0,0.05,0.0,1.0,10,10,100.0,95.0,15.0,0.1543,0.15,1.0,0.8,0,7094
2026-10-06T14:52:06.%f+00:00,IG_02124022f7,errors,1.8,13,Rollback,Rollback,0.05,0.0,1.0,5.0,15.0,0.05,0.0,1.0,10,10,100.0,95.0,15.0,0.2345,0.15,1.0,0.8,0,7411
2026-10-06T14:52:11.%f+00:00,IG_02124022f7,errors,1.8,13,Restart Dependency,Rollback,0.05,0.0,1.0,5.0,15.0,0.05,0.0,1.0,10,10,100.0,95.0,15.0,0.1348,0.15,1.0,0.8,0,4027
2026-10-06T14:52:14.%f+00:00,IG_023cfddb1c,errors,1.9,14,Do Nothing,Rollback,0.05,0.0,1.0,5.0,15.0,0.05,0.0,1.0,10,10,100.0,95.0,15.0,0.212,0.15,1.0,0.8,0,2123
2026-10-06T14:52:26.%f+00:00,IG_023cfddb1c,errors,1.9,14,Scale Out,Rollback,0.05,0.0,1.0,5.0,15.0,0.05,0.0,1.0,10,10,100.0,95.0,15.0,0.1622,0.15,1.0,0.8,0,10913
2026-10-06T14:52:32.%f+00:00,IG_023cfddb1c,errors,1.9,14,Restart Service,Rollback,0.05,0.0,1.0,5.0,15.0,0.05,0.0,1.0,10,10,100.0,7.79,15.0,0.0516,0.0,1.0,1.0,1,5189
2026-10-06T14:52:42.%f+00:00,IG_023cfddb1c,errors,1.9,14,Rollback,Rollback,0.05,0.0,1.0,5.0,15.0,0.05,0.0,1.0,10,10,100.0,10.68,15.0,0.0534,0.0,1.0,1.0,1,8142
2026-10-06T14:52:50.%f+00:00,IG_023cfddb1c,errors,1.9,14,Restart Dependency,Rollback,0.05,0.0,1.0,5.0,15.0,0.05,0.0,1.0,10,10,100.0,95.0,15.0,0.2034,0.15,1.0,0.8,0,6874
2026-10-06T14:52:53.%f+00:00,IG_0044dbb343,dependency,0.5,0,Do Nothing,Restart Dependency,0.05,0.0,1.0,5.0,15.0,0.05,0.0,1.0,10,10,100.0,44.89,15.0,0.1961,0.0,0.0,0.8,0,2090
2026-10-06T14:53:04.%f+00:00,IG_0044dbb343,dependency,0.5,0,Scale Out,Restart Dependency,0.05,0.0,1.0,5.0,15.0,0.05,0.0,1.0,10,10,100.0,52.67,15.0,0.1602,0.0,0.0,0.8,0,10267
2026-10-06T14:53:11.%f+00:00,IG_0044dbb343,dependency,0.5,0,Restart Service,Restart Dependency,0.05,0.0,1.0,5.0,15.0,0.05,0.0,1.0,10,10,100.0,51.94,15.0,0.1317,0.0,0.0,0.8,0,6349
2026-10-06T14:53:20.%f+00:00,IG_0044dbb343,dependency,0.5,0,Rollback,Restart Dependency,0.05,0.0,1.0,5.0,15.0,0.05,0.0,1.0,10,10,100.0,6.46,15.0,0.0589,0.0,1.0,1.0,1,7825
2026-10-06T14:53:26.%f+00:00,IG_0044dbb343,dependency,0.5,0,Restart Dependency,Restart Dependency,0.05,0.0,1.0,5.0,15.0,0.05,0.0,1.0,10,10,100.0,5.57,15.0,0.0502,0.0,1.0,1.0,1,4626
2026-10-06T14:53:29.%f+00:00,IG_00a0685b67,dependency,0.6,1,Do Nothing,Restart Dependency,0.05,0.0,1.0,5.0,15.0,0.05,0.0,1.0,10,10,100.0,54.05,15.0,0.1873,0.0,0.0,0.8,0,2060
2026-10-06T14:53:43.%f+00:00,IG_00a0685b67,dependency,0.6,1,Scale Out,Restart Dependency,0.05,0.0,1.0,5.0,15.0,0.05,0.0,1.0,10,10,100.0,53.66,15.0,0.173,0.0,0.0,0.8,0,12764
2026-10-06T14:53:49.%f+00:00,IG_00a0685b67,dependency,0.6,1,Restart Service,Restart Dependency,0.05,0.0,1.0,5.0,15.0,0.05,0.0,1.0,10,10,100.0,6.51,15.0,0.0581,0.0,1.0,1.0,1,5284
2026-10-06T14:53:57.%f+00:00,IG_00a0685b67,dependency,0.6,1,Rollback,Restart Dependency,0.05,0.0,1.0,5.0,15.0,0.05,0.0,1.0,10,10,100.0,6.72,15.0,0.0538,0.0,1.0,1.0,1,7425
2026-10-06T14:54:05.%f+00:00,IG_00a0685b67,dependency,0.6,1,Restart Dependency,Restart Dependency,0.05,0.0,1.0,5.0,15.0,0.05,0.0,1.0,10,10,100.0,5.79,15.0,0.0597,0.0,1.0,1.0,1,6302
2026-10-06T14:54:08.%f+00:00,IG_022bfb878e,dependency,0.7,2,Do Nothing,Restart Dependency,0.05,0.0,1.0,5.0,15.0,0.05,0.0,1.0,10,10,100.0,56.14,15.0,0.2187,0.0,0.0,0.8,0,2069
2026-10-06T14:54:21.%f+00:00,IG_022bfb878e,dependency,0.7,2,Scale Out,Restart Dependency,0.05,0.0,1.0,5.0,15.0,0.05,0.0,1.0,10,10,100.0,5.78,15.0,0.0535,0.0,1.0,1.0,1,12534
2026-10-06T14:54:28.%f+00:00,IG_022bfb878e,dependency,0.7,2,Restart Service,Restart Dependency,0.05,0.0,1.0,5.0,15.0,0.05,0.0,1.0,10,10,100.0,6.15,15.0,0.052,0.0,1.0,1.0,1,6218
2026-10-06T14:54:37.%f+00:00,IG_022bfb878e,dependency,0.7,2,Rollback,Restart Dependency,0.05,0.0,1.0,5.0,15.0,0.05,0.0,1.0,10,10,100.0,6.73,15.0,0.054,0.0,1.0,1.0,1,7428
2026-10-06T14:54:42.%f+00:00,IG_022bfb878e,dependency,0.7,2,Restart Dependency,Restart Dependency,0.05,0.0,1.0,5.0,15.0,0.05,0.0,1.0,10,10,100.0,6.57,15.0,0.0523,0.0,1.0,1.0,1,4322
2026-10-06T14:54:45.%f+00:00,IG_01f60873b3,dependency,0.8,3,Do Nothing,Restart Dependency,0.05,0.0,1.0,5.0,15.0,0.05,0.0,1.0,10,10,100.0,81.63,15.0,0.1903,0.0,0.0,0.8,0,2140
2026-10-06T14:54:58.%f+00:00,IG_01f60873b3,dependency,0.8,3,Scale Out,Restart Dependency,0.05,0.0,1.0,5.0,15.0,0.05,0.0,1.0,10,10,100.0,76.69,15.0,0.1408,0.0,0.0,0.8,0,11449
2026-10-06T14:55:05.%f+00:00,IG_01f60873b3,dependency,0.8,3,Restart Service,Restart Dependency,0.05,0.0,1.0,5.0,15.0,0.05,0.0,1.0,10,10,100.0,76.93,15.0,0.2158,0.0,0.0,0.8,0,5961
2026-10-06T14:55:14.%f+00:00,IG_01f60873b3,dependency,0.8,3,Rollback,Restart Dependency,0.05,0.0,1.0,5.0,15.0,0.05,0.0,1.0,10,10,100.0,73.89,15.0,0.144,0.0,0.0,0.8,0,8095
2026-10-06T14:55:21.%f+00:00,IG_01f60873b3,dependency,0.8,3,Restart Dependency,Restart Dependency,0.05,0.0,1.0,5.0,15.0,0.05,0.0,1.0,10,10,100.0,6.55,15.0,0.056,0.0,1.0,1.0,1,5931
2026-10-06T14:55:24.%f+00:00,IG_01afb9b3da,dependency,0.9,4,Do Nothing,Restart Dependency,0.05,0.0,1.0,5.0,15.0,0.05,0.0,1.0,10,10,100.0,6.14,15.0,0.0561,0.0,1.0,1.0,1,2062
2026-10-06T14:55:36.%f+00:00,IG_01afb9b3da,dependency,0.9,4,Scale Out,Restart Dependency,0.05,0.0,1.0,5.0,15.0,0.05,0.0,1.0,10,10,100.0,68.99,15.0,0.2057,0.0,0.0,0.8,0,10607
2026-10-06T14:55:43.%f+00:00,IG_01afb9b3da,dependency,0.9,4,Restart Service,Restart Dependency,0.05,0.0,1.0,5.0,15.0,0.05,0.0,1.0,10,10,100.0,7.61,15.0,0.0527,0.0,1.0,1.0,1,6563
2026-10-06T14:55:50.%f+00:00,IG_01afb9b3da,dependency,0.9,4,Rollback,Restart Dependency,0.05,0.0,1.0,5.0,15.0,0.05,0.0,1.0,10,10,100.0,70.95,15.0,0.2111,0.0,0.0,0.8,0,6038
2026-10-06T14:55:57.%f+00:00,IG_01afb9b3da,dependency,0.9,4,Restart Dependency,Restart Dependency,0.05,0.0,1.0,5.0,15.0,0.05,0.0,1.0,10,10,100.0,6.45,15.0,0.0557,0.0,1.0,1.0,1,6237
2026-10-06T14:56:01.%f+00:00,IG_01761d6bfe,dependency,1.0,5,Do Nothing,Restart Dependency,0.05,0.0,1.0,5.0,15.0,0.05,0.0,1.0,10,10,100.0,94.17,15.0,0.1591,0.0,0.0,0.8,0,2130
2026-10-06T14:56:12.%f+00:00,IG_01761d6bfe,dependency,1.0,5,Scale Out,Restart Dependency,0.05,0.0,1.0,5.0,15.0,0.05,0.0,1.0,10,10,100.0,80.44,15.0,0.2197,0.0,0.0,0.8,0,10501
2026-10-06T14:56:21.%f+00:00,IG_01761d6bfe,dependency,1.0,5,Restart Service,Restart Dependency,0.05,0.0,1.0,5.0,15.0,0.05,0.0,1.0,10,10,100.0,79.41,15.0,0.141,0.0,0.0,0.8,0,7423
2026-10-06T14:56:29.%f+00:00,IG_01761d6bfe,dependency,1.0,5,Rollback,Restart Dependency,0.05,0.0,1.0,5.0,15.0,0.05,0.0,1.0,10,10,100.0,95.0,15.0,0.1463,0.0,0.0,0.8,0,7498
2026-10-06T14:56:35.%f+00:00,IG_01761d6bfe,dependency,1.0,5,Restart Dependency,Restart Dependency,0.05,0.0,1.0,5.0,15.0,0.05,0.0,1.0,10,10,100.0,6.7,15.0,0.0552,0.0,1.0,1.0,1,5075
2026-10-06T14:56:38.%f+00:00,IG_011c4dec24,dependency,1.1,6,Do Nothing,Restart Dependency,0.05,0.0,1.0,5.0,15.0,0.05,0.0,1.0,10,10,100.0,91.78,15.0,0.1732,0.0,0.0,0.8,0,2118
2026-10-06T14:56:52.%f+00:00,IG_011c4dec24,dependency,1.1,6,Scale Out,Restart Dependency,0.05,0.0,1.0,5.0,15.0,0.05,0.0,1.0,10,10,100.0,95.0,15.0,0.1293,0.0,0.0,0.8,0,12997
2026-10-06T14:57:01.%f+00:00,IG_011c4dec24,dependency,1.1,6,Restart Service,Restart Dependency,0.05,0.0,1.0,5.0,15.0,0.05,0.0,1.0,10,10,100.0,95.0,15.0,0.1305,0.0,0.0,0.8,0,7958
2026-10-06T14:57:09.%f+00:00,IG_011c4dec24,dependency,1.1,6,Rollback,Restart Dependency,0.05,0.0,1.0,5.0,15.0,0.05,0.0,1.0,10,10,100.0,6.85,15.0,0.0573,0.0,1.0,1.0,1,6630
2026-10-06T14:57:16.%f+00:00,IG_011c4dec24,dependency,1.1,6,Restart Dependency,Restart Dependency,0.05,0.0,1.0,5.0,15.0,0.05,0.0,1.0,10,10,100.0,6.95,15.0,0.0513,0.0,1.0,1.0,1,6419
2026-10-06T14:57:19.%f+00:00,IG_01c4a6804d,dependency,1.2000000000000002,7,Do Nothing,Restart Dependency,0.05,0.0,1.0,5.0,15.0,0.05,0.0,1.0,10,10,100.0,90.51,15.0,0.1839,0.0,0.0,0.8,0,2109
2026-10-06T14:57:32.%f+00:00,IG_01c4a6804d,dependency,1.2000000000000002,7,Scale Out,Restart Dependency,0.05,0.0,1.0,5.0,15.0,0.05,0.0,1.0,10,10,100.0,95.0,15.0,0.1863,0.0,0.0,0.8,0,11140
2026-10-06T14:57:39.%f+00:00,IG_01c4a6804d,dependency,1.2000000000000002,7,Restart Service,Restart Dependency,0.05,0.0,1.0,5.0,15.0,0.05,0.0,1.0,10,10,100.0,95.0,15.0,0.1757,0.0,0.0,0.8,0,6501
2026-10-06T14:57:47.%f+00:00,IG_01c4a6804d,dependency,1.2000000000000002,7,Rollback,Restart Dependency,0.05,0.0,1.0,5.0,15.0,0.05,0.0,1.0,10,10,100.0,7.93,15.0,0.0546,0.0,1.0,1.0,1,6527
2026-10-06T14:57:53.%f+00:00,IG_01c4a6804d,dependency,1.2000000000000002,7,Restart Dependency,Restart Dependency,0.05,0.0,1.0,5.0,15.0,0.05,0.0,1.0,10,10,100.0,95.0,15.0,0.1591,0.0,0.0,0.8,0,5109
2026-10-06T14:57:56.%f+00:00,IG_022b395472,dependency,1.3,8,Do Nothing,Restart Dependency,0.05,0.0,1.0,5.0,15.0,0.05,0.0,1.0,10,10,100.0,95.0,15.0,0.1424,0.0,0.0,0.8,0,2113
2026-10-06T14:58:10.%f+00:00,IG_022b395472,dependency,1.3,8,Scale Out,Restart Dependency,0.05,0.0,1.0,5.0,15.0,0.05,0.0,1.0,10,10,100.0,95.0,15.0,0.23,0.0,0.0,0.8,0,13169
2026-10-06T14:58:17.%f+00:00,IG_022b395472,dependency,1.3,8,Restart Service,Restart Dependency,0.05,0.0,1.0,5.0,15.0,0.05,0.0,1.0,10,10,100.0,7.03,15.0,0.0515,0.0,1.0,1.0,1,6027
2026-10-06T14:58:26.%f+00:00,IG_022b395472,dependency,1.3,8,Rollback,Restart Dependency,0.05,0.0,1.0,5.0,15.0,0.05,0.0,1.0,10,10,100.0,95.0,15.0,0.1277,0.0,0.0,0.8,0,8405
2026-10-06T14:58:33.%f+00:00,IG_022b395472,dependency,1.3,8,Restart Dependency,Restart Dependency,0.05,0.0,1.0,5.0,15.0,0.05,0.0,1.0,10,10,100.0,8.19,15.0,0.0553,0.0,1.0,1.0,1,5604
2026-10-06T14:58:36.%f+00:00,IG_014116149a,dependency,1.4,9,Do Nothing,Restart Dependency,0.05,0.0,1.0,5.0,15.0,0.05,0.0,1.0,10,10,100.0,95.0,15.0,0.1599,0.0,0.0,0.8,0,2105
2026-10-06T14:58:48.%f+00:00,IG_014116149a,dependency,1.4,9,Scale Out,Restart Dependency,0.05,0.0,1.0,5.0,15.0,0.05,0.0,1.0,10,10,100.0,95.0,15.0,0.1648,0.0,0.0,0.8,0,10572
2026-10-06T14:58:55.%f+00:00,IG_014116149a,dependency,1.4,9,Restart Service,Restart Dependency,0.05,0.0,1.0,5.0,15.0,0.05,0.0,1.0,10,10,100.0,95.0,15.0,0.2069,0.0,0.0,0.8,0,5816
2026-10-06T14:59:03.%f+00:00,IG_014116149a,dependency,1.4,9,Rollback,Restart Dependency,0.05,0.0,1.0,5.0,15.0,0.05,0.0,1.0,10,10,100.0,95.0,15.0,0.1275,0.0,0.0,0.8,0,6960
2026-10-06T14:59:08.%f+00:00,IG_014116149a,dependency,1.4,9,Restart Dependency,Restart Dependency,0.05,0.0,1.0,5.0,15.0,0.05,0.0,1.0,10,10,100.0,6.67,15.0,0.0567,0.0,1.0,1.0,1,4633
2026-10-06T14:59:11.%f+00:00,IG_01019ee8bd,dependency,1.5,10,Do Nothing,Restart Dependency,0.05,0.0,1.0,5.0,15.0,0.05,0.0,1.0,10,10,100.0,95.0,15.0,0.1533,0.0,0.0,0.8,0,2094
2026-10-06T14:59:24.%f+00:00,IG_01019ee8bd,dependency,1.5,10,Scale Out,Restart Dependency,0.05,0.0,1.0,5.0,15.0,0.05,0.0,1.0,10,10,100.0,95.0,15.0,0.1876,0.0,0.0,0.8,0,11782
2026-10-06T14:59:32.%f+00:00,IG_01019ee8bd,dependency,1.5,10,Restart Service,Restart Dependency,0.05,0.0,1.0,5.0,15.0,0.05,0.0,1.0,10,10,100.0,95.0,15.0,0.1756,0.0,0.0,0.8,0,6578
2026-10-06T14:59:40.%f+00:00,IG_01019ee8bd,dependency,1.5,10,Rollback,Restart Dependency,0.05,0.0,1.0,5.0,15.0,0.05,0.0,1.0,10,10,100.0,95.0,15.0,0.1256,0.0,0.0,0.8,0,7723
2026-10-06T14:59:46.%f+00:00,IG_01019ee8bd,dependency,1.5,10,Restart Dependency,Restart Dependency,0.05,0.0,1.0,5.0,15.0,0.05,0.0,1.0,10,10,100.0,7.14,15.0,0.0558,0.0,1.0,1.0,1,4593
2026-10-06T14:59:49.%f+00:00,IG_00c5399ce3,dependency,1.6,11,Do Nothing,Restart Dependency,0.05,0.0,1.0,5.0,15.0,0.05,0.0,1.0,10,10,100.0,95.0,15.0,0.2381,0.0,0.0,0.8,0,2107
2026-10-06T15:00:03.%f+00:00,IG_00c5399ce3,dependency,1.6,11,Scale Out,Restart Dependency,0.05,0.0,1.0,5.0,15.0,0.05,0.0,1.0,10,10,100.0,95.0,15.0,0.2037,0.0,0.0,0.8,0,12921
2026-10-06T15:00:11.%f+00:00,IG_00c5399ce3,dependency,1.6,11,Restart Service,Restart Dependency,0.05,0.0,1.0,5.0,15.0,0.05,0.0,1.0,10,10,100.0,9.46,15.0,0.0532,0.0,1.0,1.0,1,6592
2026-10-06T15:00:19.%f+00:00,IG_00c5399ce3,dependency,1.6,11,Rollback,Restart Dependency,0.05,0.0,1.0,5.0,15.0,0.05,0.0,1.0,10,10,100.0,9.04,15.0,0.0575,0.0,1.0,1.0,1,7287
2026-10-06T15:00:25.%f+00:00,IG_00c5399ce3,dependency,1.6,11,Restart Dependency,Restart Dependency,0.05,0.0,1.0,5.0,15.0,0.05,0.0,1.0,10,10,100.0,8.47,15.0,0.0598,0.0,1.0,1.0,1,4879
2026-10-06T15:00:28.%f+00:00,IG_015e32e10a,dependency,1.7000000000000002,12,Do Nothing,Restart Dependency,0.05,0.0,1.0,5.0,15.0,0.05,0.0,1.0,10,10,100.0,95.0,15.0,0.2102,0.0,0.0,0.8,0,2111
2026-10-06T15:00:41.%f+00:00,IG_015e32e10a,dependency,1.7000000000000002,12,Scale Out,Restart Dependency,0.05,0.0,1.0,5.0,15.0,0.05,0.0,1.0,10,10,100.0,9.51,15.0,0.0525,0.0,1.0,1.0,1,11840
2026-10-06T15:00:49.%f+00:00,IG_015e32e10a,dependency,1.7000000000000002,12,Restart Service,Restart Dependency,0.05,0.0,1.0,5.0,15.0,0.05,0.0,1.0,10,10,100.0,95.0,15.0,0.1403,0.0,0.0,0.8,0,7456
2026-10-06T15:00:58.%f+00:00,IG_015e32e10a,dependency,1.7000000000000002,12,Rollback,Restart Dependency,0.05,0.0,1.0,5.0,15.0,0.05,0.0,1.0,10,10,100.0,95.0,15.0,0.1386,0.0,0.0,0.8,0,7919
2026-10-06T15:01:06.%f+00:00,IG_015e32e10a,dependency,1.7000000000000002,12,Restart Dependency,Restart Dependency,0.05,0.0,1.0,5.0,15.0,0.05,0.0,1.0,10,10,100.0,9.6,15.0,0.0544,0.0,1.0,1.0,1,6781
2026-10-06T15:01:09.%f+00:00,IG_0198729533,dependency,1.8,13,Do Nothing,Restart Dependency,0.05,0.0,1.0,5.0,15.0,0.05,0.0,1.0,10,10,100.0,95.0,15.0,0.1366,0.0,0.0,0.8,0,2134
2026-10-06T15:01:21.%f+00:00,IG_0198729533,dependency,1.8,13,Scale Out,Restart Dependency,0.05,0.0,1.0,5.0,15.0,0.05,0.0,1.0,10,10,100.0,95.0,15.0,0.1914,0.0,0.0,0.8,0,10960
2026-10-06T15:01:30.%f+00:00,IG_0198729533,dependency,1.8,13,Restart Service,Restart Dependency,0.05,0.0,1.0,5.0,15.0,0.05,0.0,1.0,10,10,100.0,95.0,15.0,0.199,0.0,0.0,0.8,0,7557
2026-10-06T15:01:40.%f+00:00,IG_0198729533,dependency,1.8,13,Rollback,Restart Dependency,0.05,0.0,1.0,5.0,15.0,0.05,0.0,1.0,10,10,100.0,9.09,15.0,0.0531,0.0,1.0,1.0,1,8737
2026-10-06T15:01:45.%f+00:00,IG_0198729533,dependency,1.8,13,Restart Dependency,Restart Dependency,0.05,0.0,1.0,5.0,15.0,0.05,0.0,1.0,10,10,100.0,7.7,15.0,0.0521,0.0,1.0,1.0,1,4581
2026-10-06T15:01:48.%f+00:00,IG_000e59895a,dependency,1.9,14,Do Nothing,Restart Dependency,0.05,0.0,1.0,5.0,15.0,0.05,0.0,1.0,10,10,100.0,95.0,15.0,0.1451,0.0,0.0,0.8,0,2074
2026-10-06T15:02:00.%f+00:00,IG_000e59895a,dependency,1.9,14,Scale Out,Restart Dependency,0.05,0.0,1.0,5.0,15.0,0.05,0.0,1.0,10,10,100.0,7.23,15.0,0.0503,0.0,1.0,1.0,1,11259
2026-10-06T15:02:07.%f+00:00,IG_000e59895a,dependency,1.9,14,Restart Service,Restart Dependency,0.05,0.0,1.0,5.0,15.0,0.05,0.0,1.0,10,10,100.0,95.0,15.0,0.1516,0.0,0.0,0.8,0,5298
2026-10-06T15:02:14.%f+00:00,IG_000e59895a,dependency,1.9,14,Rollback,Restart Dependency,0.05,0.0,1.0,5.0,15.0,0.05,0.0,1.0,10,10,100.0,95.0,15.0,0.2059,0.0,0.0,0.8,0,6006
2026-10-06T15:02:21.%f+00:00,IG_000e59895a,dependency,1.9,14,Restart Dependency,Restart Dependency,0.05,0.0,1.0,5.0,15.0,0.05,0.0,1.0,10,10,100.0,7.96,15.0,0.0592,0.0,1.0,1.0,1,6541
