timestamp,scenario,severity,expected_decision,cpu,memory,allocated_memory_mb,latency_ms,error_rate,dependency_available,requests,successful_requests,median_client_latency_ms,pre_availability,post_availability
2026-09-27T14:47:23.391388+00:00,cpu,0.9,Scale Out,90.0,0.0,0.0,43.43378308928986,0.0,1.0,40,40,48.03602650008543,1.0,1.0
2026-09-27T14:51:25.964858+00:00,cpu,0.3,Do Nothing,30.0,0.0,0.0,15.105858799961423,0.0,1.0,20,20,17.43511099994066,1.0,1.0
2026-09-27T14:51:36.987375+00:00,cpu,0.3,Do Nothing,30.0,0.0,0.0,15.095882899970547,0.0,1.0,20,20,17.726739499948962,1.0,1.0
2026-09-27T14:51:48.009016+00:00,cpu,0.3,Do Nothing,30.0,0.0,0.0,15.101421309996113,0.0,1.0,20,20,17.492137000090224,1.0,1.0
2026-09-27T14:51:59.029302+00:00,cpu,0.6,Do Nothing,60.0,0.0,0.0,16.768080140725406,0.0,1.0,20,20,32.58245949996308,1.0,1.0
2026-09-27T14:52:10.049588+00:00,cpu,0.6,Do Nothing,60.0,0.0,0.0,19.516070217637473,0.0,1.0,20,20,32.695279500103425,1.0,1.0
2026-09-27T14:52:21.070940+00:00,cpu,0.6,Do Nothing,60.0,0.0,0.0,21.35648684708866,0.0,1.0,20,20,32.62246849976691,1.0,1.0
2026-09-27T14:52:32.098530+00:00,cpu,0.85,Scale Out,85.0,0.0,0.0,24.11024591499427,0.0,1.0,20,20,45.10754900002212,1.0,1.0
2026-09-27T14:52:43.121621+00:00,cpu,0.85,Scale Out,85.0,0.0,0.0,32.36590465999143,0.0,1.0,20,20,45.351548500093486,1.0,1.0
2026-09-27T14:52:54.144547+00:00,cpu,0.85,Scale Out,85.0,0.0,0.0,36.05789865999441,0.0,1.0,20,20,45.4585729999053,1.0,1.0
2026-09-27T14:53:05.166999+00:00,cpu,1.0,Scale Out,100.0,0.0,0.0,38.62034282498826,0.0,1.0,20,20,52.88910550007131,1.0,1.0
2026-09-27T14:53:16.186389+00:00,cpu,1.0,Scale Out,100.0,0.0,0.0,42.084554281387476,0.0,1.0,20,20,52.93190300017159,1.0,1.0
2026-09-27T14:53:27.204569+00:00,cpu,1.0,Scale Out,100.0,0.0,0.0,45.62429979498802,0.0,1.0,20,20,52.79099550011779,1.0,1.0
2026-09-27T14:53:38.255731+00:00,memory,50.0,Do Nothing,0.0,9.765625,50.0,42.862516199977556,0.0,1.0,20,20,2.0045415001277433,1.0,1.0
2026-09-27T14:53:49.299126+00:00,memory,50.0,Do Nothing,0.0,9.765625,50.0,35.40958587998148,0.0,1.0,20,20,1.9918180000786379,1.0,1.0
2026-09-27T14:54:00.340125+00:00,memory,50.0,Do Nothing,0.0,9.765625,50.0,27.584111379981092,0.0,1.0,20,20,1.9731899999442248,1.0,1.0
2026-09-27T14:54:12.444939+00:00,memory,150.0,Do Nothing,0.0,29.296875,150.0,19.4549638724325,0.0,1.0,20,20,2.3247685001024365,1.0,1.0
2026-09-27T14:54:23.543847+00:00,memory,150.0,Do Nothing,0.0,29.296875,150.0,4.361788314703249,0.0,1.0,20,20,2.172592999841072,1.0,1.0
2026-09-27T14:54:34.656541+00:00,memory,150.0,Do Nothing,0.0,29.296875,150.0,0.04219000510812083,0.0,1.0,20,20,2.025395500140803,1.0,1.0
2026-09-27T14:54:45.809317+00:00,memory,250.0,Restart Service,0.0,48.828125,250.0,0.0437580051183408,0.0,1.0,20,20,1.9300149999708083,1.0,1.0
2026-09-27T14:54:56.950506+00:00,memory,250.0,Restart Service,0.0,48.828125,250.0,0.043901220504220614,0.0,1.0,20,20,2.154099500103257,1.0,1.0
2026-09-27T14:55:08.079478+00:00,memory,250.0,Restart Service,0.0,48.828125,250.0,0.04554882999400433,0.0,1.0,20,20,2.512200499950268,1.0,1.0
2026-09-27T14:55:19.337823+00:00,memory,400.0,Restart Service,0.0,78.125,400.0,0.045831474990336574,0.0,1.0,20,20,2.384961999950974,1.0,1.0
2026-09-27T14:55:30.517302+00:00,memory,400.0,Restart Service,0.0,78.125,400.0,0.04565952306923767,0.0,1.0,20,20,2.2798285001499607,1.0,1.0
2026-09-27T14:55:41.687764+00:00,memory,400.0,Restart Service,0.0,78.125,400.0,0.0457458871563013,0.0,1.0,20,20,2.4907505003284314,1.0,1.0
2026-09-27T14:55:52.720426+00:00,latency,100.0,Do Nothing,0.0,0.0,0.0,10.329812917944555,0.0,1.0,20,20,103.3315820000098,1.0,1.0
2026-09-27T14:56:03.740571+00:00,latency,100.0,Do Nothing,0.0,0.0,0.0,28.331287810245463,0.0,1.0,20,20,103.0726080000477,1.0,1.0
2026-09-27T14:56:15.762833+00:00,latency,100.0,Do Nothing,0.0,0.0,0.0,46.32847510768746,0.0,1.0,25,25,103.11089299966625,1.0,1.0
2026-09-27T14:56:30.787466+00:00,latency,400.0,Do Nothing,0.0,0.0,0.0,86.04544751914463,0.0,1.0,10,10,403.1951434997154,1.0,1.0
2026-09-27T14:56:45.808314+00:00,latency,400.0,Do Nothing,0.0,0.0,0.0,155.23130308497608,0.0,1.0,10,10,403.03571949993966,1.0,1.0
2026-09-27T14:57:00.828267+00:00,latency,400.0,Do Nothing,0.0,0.0,0.0,222.35776517797248,0.0,1.0,10,10,403.28689699981624,1.0,1.0
2026-09-27T14:57:13.848331+00:00,latency,800.0,Rollback,0.0,0.0,0.0,386.99141517330645,0.0,1.0,5,5,802.9701450000175,1.0,1.0
2026-09-27T14:57:26.870569+00:00,latency,800.0,Rollback,0.0,0.0,0.0,470.17609626979555,0.0,1.0,5,5,803.2032930000241,1.0,1.0
2026-09-27T14:57:39.889873+00:00,latency,800.0,Rollback,0.0,0.0,0.0,571.7705237678064,0.0,1.0,5,5,802.8574330000993,1.0,1.0
2026-09-27T14:57:58.915062+00:00,latency,1500.0,Rollback,0.0,0.0,0.0,740.3631038888307,0.0,1.0,5,5,1503.9597869999852,1.0,1.0
2026-09-27T14:58:17.937794+00:00,latency,1500.0,Rollback,0.0,0.0,0.0,1088.588979941104,0.0,1.0,5,5,1503.1229530000019,1.0,1.0
2026-09-27T14:58:36.966273+00:00,latency,1500.0,Rollback,0.0,0.0,0.0,1360.3352684332851,0.0,1.0,5,5,1502.7230919999965,1.0,1.0
2026-09-27T14:58:47.985825+00:00,errors,0.0,Do Nothing,0.0,0.0,0.0,861.9063707446718,0.0,1.0,20,20,2.1976694999921165,1.0,1.0
2026-09-27T14:58:59.008865+00:00,errors,0.0,Do Nothing,0.0,0.0,0.0,414.59364603949655,0.0,1.0,20,20,2.120147500136227,1.0,1.0
2026-09-27T14:59:10.031955+00:00,errors,0.0,Do Nothing,0.0,0.0,0.0,226.49897989622934,0.0,1.0,20,20,2.198222999822974,1.0,1.0
2026-09-27T14:59:21.054513+00:00,errors,0.1,Do Nothing,0.0,0.0,0.0,111.17391947407802,10.0,1.0,20,16,2.2471839999980148,0.8,0.75
2026-09-27T14:59:32.079865+00:00,errors,0.1,Do Nothing,0.0,0.0,0.0,54.26948342169836,10.0,1.0,20,18,2.2465475001354207,0.9,0.9
2026-09-27T14:59:43.101280+00:00,errors,0.1,Do Nothing,0.0,0.0,0.0,0.044426765007301576,10.0,1.0,20,18,2.3627610000858112,0.9,0.75
2026-09-27T14:59:54.121560+00:00,errors,0.25,Rollback,0.0,0.0,0.0,0.044853979991330555,25.0,1.0,20,13,2.2683105000851356,0.65,0.75
2026-09-27T15:00:05.145924+00:00,errors,0.25,Rollback,0.0,0.0,0.0,0.045666589987831685,25.0,1.0,20,16,2.1342909999475523,0.8,0.7
2026-09-27T15:00:16.167285+00:00,errors,0.25,Rollback,0.0,0.0,0.0,0.04634009998426336,25.0,1.0,20,12,2.295880500014391,0.6,0.7
2026-09-27T15:00:27.186475+00:00,errors,0.5,Rollback,0.0,0.0,0.0,0.04658571497429875,50.0,1.0,20,11,2.2817119997853297,0.55,0.6
2026-09-27T15:00:38.210597+00:00,errors,0.5,Rollback,0.0,0.0,0.0,0.045911859970146914,50.0,1.0,20,11,2.51017799996589,0.55,0.45
2026-09-27T15:00:49.227380+00:00,errors,0.5,Rollback,0.0,0.0,0.0,0.04582058497817343,50.0,1.0,20,9,2.418875999865122,0.45,0.5
2026-09-27T15:01:00.250328+00:00,dependency,0.0,Do Nothing,0.0,0.0,0.0,0.04617220999307392,0.0,1.0,20,20,2.0309209999140876,1.0,1.0
2026-09-27T15:01:12.269389+00:00,dependency,0.0,Do Nothing,0.0,0.0,0.0,0.04637551499399706,0.0,1.0,20,20,2.34287599982963,1.0,1.0
2026-09-27T15:01:23.292227+00:00,dependency,0.0,Do Nothing,0.0,0.0,0.0,0.04803971499313775,0.0,1.0,20,20,2.366746999996394,1.0,1.0
2026-09-27T15:01:34.311199+00:00,dependency,1.0,Restart Dependency,0.0,0.0,0.0,0.048182829991674225,0.0,0.0,20,0,2.504923000060444,0.0,0.0
2026-09-27T15:01:46.331901+00:00,dependency,1.0,Restart Dependency,0.0,0.0,0.0,0.0485719749940472,0.0,0.0,25,0,2.153543000076752,0.0,0.0
2026-09-27T15:01:57.352829+00:00,dependency,1.0,Restart Dependency,0.0,0.0,0.0,0.04681289998643478,0.0,0.0,20,0,2.25362900005166,0.0,0.0
2026-09-27T16:58:52.466385+00:00,cpu,0.2,Do Nothing,20.0,0.0,0.0,10.094205599943962,0.0,1.0,20,20,12.678578000304697,1.0,1.0
2026-09-27T16:59:03.491706+00:00,cpu,0.2,Do Nothing,20.0,0.0,0.0,10.103841218171347,0.0,1.0,20,20,12.547227001050487,1.0,1.0
2026-09-27T16:59:14.514717+00:00,cpu,0.2,Do Nothing,20.0,0.0,0.0,10.108098133261795,0.0,1.0,20,20,12.807209499442251,1.0,1.0
2026-09-27T16:59:25.543033+00:00,cpu,0.2,Do Nothing,20.0,0.0,0.0,10.111159527907148,0.0,1.0,20,20,13.067507999949157,1.0,1.0
2026-09-27T16:59:36.563806+00:00,cpu,0.2,Do Nothing,20.0,0.0,0.0,10.111942187461407,0.0,1.0,20,20,12.787540500539762,1.0,1.0
2026-09-27T16:59:47.589410+00:00,cpu,0.2,Do Nothing,20.0,0.0,0.0,10.108130824983164,0.0,1.0,20,20,12.82572599939158,1.0,1.0
2026-09-27T16:59:58.615235+00:00,cpu,0.2,Do Nothing,20.0,0.0,0.0,10.106463929996607,0.0,1.0,20,20,12.732923999465129,1.0,1.0
2026-09-27T17:00:09.640091+00:00,cpu,0.2,Do Nothing,20.0,0.0,0.0,10.104319524989478,0.0,1.0,20,20,12.648874499973317,1.0,1.0
2026-09-27T17:00:20.661396+00:00,cpu,0.2,Do Nothing,20.0,0.0,0.0,10.100283140009196,0.0,1.0,20,20,12.681088498538884,1.0,1.0
2026-09-27T17:00:31.688846+00:00,cpu,0.2,Do Nothing,20.0,0.0,0.0,10.09861655998975,0.0,1.0,20,20,13.215778500125452,1.0,1.0
2026-09-27T17:00:42.709670+00:00,cpu,0.2,Do Nothing,20.0,0.0,0.0,10.10917044000962,0.0,1.0,20,20,12.744445499265566,1.0,1.0
2026-09-27T17:00:53.732312+00:00,cpu,0.2,Do Nothing,20.0,0.0,0.0,10.111117849955917,0.0,1.0,20,20,12.823377500353672,1.0,1.0
2026-09-27T17:01:04.752408+00:00,cpu,0.2,Do Nothing,20.0,0.0,0.0,10.112043710005311,0.0,1.0,20,20,12.838116999773774,1.0,1.0
2026-09-27T17:01:16.774342+00:00,cpu,0.2,Do Nothing,20.0,0.0,0.0,10.115179899994471,0.0,1.0,25,25,12.910616000226582,1.0,1.0
2026-09-27T17:01:27.794408+00:00,cpu,0.2,Do Nothing,20.0,0.0,0.0,10.11531470000591,0.0,1.0,20,20,12.748305500281276,1.0,1.0
2026-09-27T17:01:38.821606+00:00,cpu,0.2,Do Nothing,20.0,0.0,0.0,10.11452280503363,0.0,1.0,20,20,12.955977999808965,1.0,1.0
2026-09-27T17:01:49.840920+00:00,cpu,0.2,Do Nothing,20.0,0.0,0.0,10.116243110078356,0.0,1.0,20,20,12.835499000175332,1.0,1.0
2026-09-27T17:02:00.863895+00:00,cpu,0.2,Do Nothing,20.0,0.0,0.0,10.116949180073789,0.0,1.0,20,20,12.739712999973563,1.0,1.0
2026-09-27T17:02:11.884165+00:00,cpu,0.2,Do Nothing,20.0,0.0,0.0,10.116601880081362,0.0,1.0,20,20,13.160159000108251,1.0,1.0
2026-09-27T17:02:22.909603+00:00,cpu,0.2,Do Nothing,20.0,0.0,0.0,10.113627745040505,0.0,1.0,20,20,12.5045794993639,1.0,1.0
2026-09-27T17:02:33.930367+00:00,cpu,0.4,Do Nothing,40.0,0.0,0.0,10.811153482462206,0.0,1.0,20,20,22.92412799943122,1.0,1.0
2026-09-27T17:02:45.953876+00:00,cpu,0.4,Do Nothing,40.0,0.0,0.0,12.530010156591045,0.0,1.0,25,25,22.63568800117355,1.0,1.0
2026-09-27T17:02:56.976161+00:00,cpu,0.4,Do Nothing,40.0,0.0,0.0,14.353417205020378,0.0,1.0,20,20,22.786000000451168,1.0,1.0
2026-09-27T17:03:07.998358+00:00,cpu,0.4,Do Nothing,40.0,0.0,0.0,17.299847178566445,0.0,1.0,20,20,23.20710450021579,1.0,1.0
2026-09-27T17:03:19.021466+00:00,cpu,0.4,Do Nothing,40.0,0.0,0.0,19.08621996924175,0.0,1.0,20,20,22.92096949986444,1.0,1.0
2026-09-27T17:03:30.044955+00:00,cpu,0.4,Do Nothing,40.0,0.0,0.0,20.11810568366892,0.0,1.0,20,20,22.94711800004734,1.0,1.0
2026-09-27T17:03:42.068362+00:00,cpu,0.4,Do Nothing,40.0,0.0,0.0,20.121088568529682,0.0,1.0,20,20,23.1304025001009,1.0,1.0
2026-09-27T17:03:53.089600+00:00,cpu,0.4,Do Nothing,40.0,0.0,0.0,20.129046444396014,0.0,1.0,20,20,23.02060999954847,1.0,1.0
2026-09-27T17:04:04.108990+00:00,cpu,0.4,Do Nothing,40.0,0.0,0.0,20.12815237183751,0.0,1.0,20,20,22.925499500161095,1.0,1.0
2026-09-27T17:04:16.133803+00:00,cpu,0.4,Do Nothing,40.0,0.0,0.0,20.12747232497531,0.0,1.0,25,25,22.971628000959754,1.0,1.0
2026-09-27T17:04:27.155414+00:00,cpu,0.4,Do Nothing,40.0,0.0,0.0,20.12566056500873,0.0,1.0,20,20,22.888872499606805,1.0,1.0
2026-09-27T17:04:38.178583+00:00,cpu,0.4,Do Nothing,40.0,0.0,0.0,20.126811635036574,0.0,1.0,20,20,23.362801999610383,1.0,1.0
2026-09-27T17:04:49.196733+00:00,cpu,0.4,Do Nothing,40.0,0.0,0.0,20.1283899300779,0.0,1.0,20,20,23.040966999360535,1.0,1.0
2026-09-27T17:05:00.217354+00:00,cpu,0.4,Do Nothing,40.0,0.0,0.0,20.127336385112358,0.0,1.0,20,20,23.07532050053851,1.0,1.0
2026-09-27T17:05:12.240392+00:00,cpu,0.4,Do Nothing,40.0,0.0,0.0,20.128724420092112,0.0,1.0,20,20,23.843196999223437,1.0,1.0
2026-09-27T17:05:23.267247+00:00,cpu,0.4,Do Nothing,40.0,0.0,0.0,20.14261920005083,0.0,1.0,20,20,22.855198499200924,1.0,1.0
2026-09-27T17:05:34.290526+00:00,cpu,0.4,Do Nothing,40.0,0.0,0.0,20.145315155014032,0.0,1.0,20,20,22.97149950027233,1.0,1.0
2026-09-27T17:05:46.314033+00:00,cpu,0.4,Do Nothing,40.0,0.0,0.0,20.141477785045936,0.0,1.0,25,25,23.00246699996933,1.0,1.0
2026-09-27T17:05:57.337234+00:00,cpu,0.4,Do Nothing,40.0,0.0,0.0,20.140412760001706,0.0,1.0,20,20,23.009305999039498,1.0,1.0
2026-09-27T17:06:08.360233+00:00,cpu,0.4,Do Nothing,40.0,0.0,0.0,20.124621150025632,0.0,1.0,20,20,22.911919500984368,1.0,1.0
2026-09-27T17:06:19.377296+00:00,cpu,0.6,Do Nothing,60.0,0.0,0.0,20.62152153001989,0.0,1.0,20,20,32.60805999980221,1.0,1.0
2026-09-27T17:06:30.398176+00:00,cpu,0.6,Do Nothing,60.0,0.0,0.0,22.365530555025543,0.0,1.0,20,20,32.742764499744226,1.0,1.0
2026-09-27T17:06:42.419179+00:00,cpu,0.6,Do Nothing,60.0,0.0,0.0,24.116559099975348,0.0,1.0,20,20,32.76228950107907,1.0,1.0
2026-09-27T17:06:53.446685+00:00,cpu,0.6,Do Nothing,60.0,0.0,0.0,27.116312404932614,0.0,1.0,20,20,32.81510050055658,1.0,1.0
2026-09-27T17:07:04.470931+00:00,cpu,0.6,Do Nothing,60.0,0.0,0.0,28.866935139940324,0.0,1.0,20,20,32.854869999937364,1.0,1.0
2026-09-27T17:07:16.496103+00:00,cpu,0.6,Do Nothing,60.0,0.0,0.0,30.1175864799643,0.0,1.0,25,25,32.91326100043079,1.0,1.0
2026-09-27T17:07:27.517963+00:00,cpu,0.6,Do Nothing,60.0,0.0,0.0,30.115841424985774,0.0,1.0,20,20,32.85718749884836,1.0,1.0
2026-09-27T17:07:38.541144+00:00,cpu,0.6,Do Nothing,60.0,0.0,0.0,30.11512666998897,0.0,1.0,20,20,32.78688099908322,1.0,1.0
2026-09-27T17:07:49.561524+00:00,cpu,0.6,Do Nothing,60.0,0.0,0.0,30.114248275021964,0.0,1.0,20,20,32.80610450019594,1.0,1.0
2026-09-27T17:08:00.585343+00:00,cpu,0.6,Do Nothing,60.0,0.0,0.0,30.11357845999555,0.0,1.0,20,20,32.97462849968724,1.0,1.0
2026-09-27T17:08:12.616679+00:00,cpu,0.6,Do Nothing,60.0,0.0,0.0,30.117633459994973,0.0,1.0,20,20,32.79334399940126,1.0,1.0
2026-09-27T17:08:23.638127+00:00,cpu,0.6,Do Nothing,60.0,0.0,0.0,30.132213890001367,0.0,1.0,20,20,32.93107400077133,1.0,1.0
2026-09-27T17:08:34.658208+00:00,cpu,0.6,Do Nothing,60.0,0.0,0.0,30.13200831002905,0.0,1.0,20,20,32.69742600059544,1.0,1.0
2026-09-27T17:08:46.678065+00:00,cpu,0.6,Do Nothing,60.0,0.0,0.0,30.131538385039672,0.0,1.0,25,25,32.771463000244694,1.0,1.0
2026-09-27T17:08:57.699747+00:00,cpu,0.6,Do Nothing,60.0,0.0,0.0,30.12913848003336,0.0,1.0,20,20,32.759438000539376,1.0,1.0
2026-09-27T17:09:08.721061+00:00,cpu,0.6,Do Nothing,60.0,0.0,0.0,30.11417273507504,0.0,1.0,20,20,32.95300249919819,1.0,1.0
2026-09-27T17:09:19.740074+00:00,cpu,0.6,Do Nothing,60.0,0.0,0.0,30.11230874003559,0.0,1.0,20,20,32.69867099970725,1.0,1.0
2026-09-27T17:09:30.762276+00:00,cpu,0.6,Do Nothing,60.0,0.0,0.0,30.113039360066978,0.0,1.0,20,20,32.837230999575695,1.0,1.0
2026-09-27T17:09:41.785261+00:00,cpu,0.6,Do Nothing,60.0,0.0,0.0,30.114581365041882,0.0,1.0,20,20,32.82060499986983,1.0,1.0
2026-09-27T17:09:52.812083+00:00,cpu,0.6,Do Nothing,60.0,0.0,0.0,30.11689072005538,0.0,1.0,20,20,33.0047410006955,1.0,1.0
2026-09-27T17:10:03.833471+00:00,cpu,0.75,Do Nothing,75.0,0.0,0.0,30.648343658296525,0.0,1.0,20,20,40.69350999998278,1.0,1.0
2026-09-27T17:10:14.857310+00:00,cpu,0.75,Do Nothing,75.0,0.0,0.0,31.969506582964783,0.0,1.0,20,20,40.75894350080489,1.0,1.0
2026-09-27T17:10:25.877719+00:00,cpu,0.75,Do Nothing,75.0,0.0,0.0,33.26570750000842,0.0,1.0,20,20,40.400511500592984,1.0,1.0
2026-09-27T17:10:36.903152+00:00,cpu,0.75,Do Nothing,75.0,0.0,0.0,34.62530740001057,0.0,1.0,20,20,40.940550999948755,1.0,1.0
2026-09-27T17:10:47.928672+00:00,cpu,0.75,Do Nothing,75.0,0.0,0.0,36.86728578683643,0.0,1.0,20,20,40.41872050038364,1.0,1.0
2026-09-27T17:10:58.955634+00:00,cpu,0.75,Do Nothing,75.0,0.0,0.0,37.62754375637244,0.0,1.0,20,20,40.74917550042301,1.0,1.0
2026-09-27T17:11:09.978424+00:00,cpu,0.75,Do Nothing,75.0,0.0,0.0,37.62923067005416,0.0,1.0,20,20,40.6952055009242,1.0,1.0
2026-09-27T17:11:21.000583+00:00,cpu,0.75,Do Nothing,75.0,0.0,0.0,37.649901081251095,0.0,1.0,20,20,40.494075000424345,1.0,1.0
2026-09-27T17:11:32.028936+00:00,cpu,0.75,Do Nothing,75.0,0.0,0.0,37.651597227247265,0.0,1.0,20,20,40.66094649988372,1.0,1.0
2026-09-27T17:11:43.050428+00:00,cpu,0.75,Do Nothing,75.0,0.0,0.0,37.65034537370567,0.0,1.0,20,20,40.708861999519286,1.0,1.0
2026-09-27T17:11:54.073997+00:00,cpu,0.75,Do Nothing,75.0,0.0,0.0,37.64886330148571,0.0,1.0,20,20,40.39361699960864,1.0,1.0
2026-09-27T17:12:05.119199+00:00,cpu,0.75,Do Nothing,75.0,0.0,0.0,37.64685540701619,0.0,1.0,20,20,40.77555399999255,1.0,1.0
2026-09-27T17:12:16.142156+00:00,cpu,0.75,Do Nothing,75.0,0.0,0.0,37.62929250991874,0.0,1.0,20,20,40.73601950040029,1.0,1.0
2026-09-27T17:12:27.164047+00:00,cpu,0.75,Do Nothing,75.0,0.0,0.0,37.63286394492752,0.0,1.0,20,20,40.34258049978234,1.0,1.0
2026-09-27T17:12:38.188373+00:00,cpu,0.75,Do Nothing,75.0,0.0,0.0,37.6333788899592,0.0,1.0,20,20,40.25217700018402,1.0,1.0
2026-09-27T17:12:49.210791+00:00,cpu,0.75,Do Nothing,75.0,0.0,0.0,37.63223311497313,0.0,1.0,20,20,40.53342849965702,1.0,1.0
2026-09-27T17:13:00.233413+00:00,cpu,0.75,Do Nothing,75.0,0.0,0.0,37.63406385998678,0.0,1.0,20,20,40.42862299957051,1.0,1.0
2026-09-27T17:13:12.253524+00:00,cpu,0.75,Do Nothing,75.0,0.0,0.0,37.63239316503132,0.0,1.0,20,20,40.8363520000421,1.0,1.0
2026-09-27T17:13:23.275629+00:00,cpu,0.75,Do Nothing,75.0,0.0,0.0,37.62284165505662,0.0,1.0,20,20,40.4633294992891,1.0,1.0
2026-09-27T17:13:34.298661+00:00,cpu,0.75,Do Nothing,75.0,0.0,0.0,37.62421774000358,0.0,1.0,20,20,40.47492549943854,1.0,1.0
2026-09-27T17:13:46.324230+00:00,cpu,0.9,Scale Out,90.0,0.0,0.0,37.81276191496545,0.0,1.0,25,25,48.00769100074831,1.0,1.0
2026-09-27T17:13:57.343467+00:00,cpu,0.9,Scale Out,90.0,0.0,0.0,40.06364131497321,0.0,1.0,20,20,47.82658850035659,1.0,1.0
2026-09-27T17:14:08.368048+00:00,cpu,0.9,Scale Out,90.0,0.0,0.0,41.37316223496782,0.0,1.0,20,20,47.80469750039629,1.0,1.0
2026-09-27T17:14:19.391430+00:00,cpu,0.9,Scale Out,90.0,0.0,0.0,42.68622135997247,0.0,1.0,20,20,47.91275800016592,1.0,1.0
2026-09-27T17:14:30.412182+00:00,cpu,0.9,Scale Out,90.0,0.0,0.0,44.00121433001004,0.0,1.0,20,20,47.9667250001512,1.0,1.0
2026-09-27T17:14:42.436374+00:00,cpu,0.9,Scale Out,90.0,0.0,0.0,45.12559587005853,0.0,1.0,20,20,47.83942450012546,1.0,1.0
2026-09-27T17:14:53.457018+00:00,cpu,0.9,Scale Out,90.0,0.0,0.0,45.12205865008582,0.0,1.0,20,20,47.87731350006652,1.0,1.0
2026-09-27T17:15:04.478639+00:00,cpu,0.9,Scale Out,90.0,0.0,0.0,45.12359002006633,0.0,1.0,20,20,48.18423699907726,1.0,1.0
2026-09-27T17:15:16.498089+00:00,cpu,0.9,Scale Out,90.0,0.0,0.0,45.122718605034606,0.0,1.0,25,25,47.99456000000646,1.0,1.0
2026-09-27T17:15:27.525874+00:00,cpu,0.9,Scale Out,90.0,0.0,0.0,45.11818240504908,0.0,1.0,20,20,47.9000539999106,1.0,1.0
2026-09-27T17:15:38.545912+00:00,cpu,0.9,Scale Out,90.0,0.0,0.0,45.11834713503049,0.0,1.0,20,20,47.979277000195,1.0,1.0
2026-09-27T17:15:49.567263+00:00,cpu,0.9,Scale Out,90.0,0.0,0.0,45.118497199991914,0.0,1.0,20,20,47.870934000457055,1.0,1.0
2026-09-27T17:16:00.587537+00:00,cpu,0.9,Scale Out,90.0,0.0,0.0,45.11716650504241,0.0,1.0,20,20,47.929905500495806,1.0,1.0
2026-09-27T17:16:12.612805+00:00,cpu,0.9,Scale Out,90.0,0.0,0.0,45.11803064508057,0.0,1.0,20,20,47.77965899938863,1.0,1.0
2026-09-27T17:16:23.633721+00:00,cpu,0.9,Scale Out,90.0,0.0,0.0,45.116742820082436,0.0,1.0,20,20,47.75561199949152,1.0,1.0
2026-09-27T17:16:34.658858+00:00,cpu,0.9,Scale Out,90.0,0.0,0.0,45.11712594506207,0.0,1.0,20,20,48.04002700075216,1.0,1.0
2026-09-27T17:16:45.678472+00:00,cpu,0.9,Scale Out,90.0,0.0,0.0,45.11655251506454,0.0,1.0,20,20,47.912429999996675,1.0,1.0
2026-09-27T17:16:56.702365+00:00,cpu,0.9,Scale Out,90.0,0.0,0.0,45.11662687504212,0.0,1.0,20,20,47.76333049994719,1.0,1.0
2026-09-27T17:17:07.725088+00:00,cpu,0.9,Scale Out,90.0,0.0,0.0,45.114977745051874,0.0,1.0,20,20,47.79335750026803,1.0,1.0
2026-09-27T17:17:18.745696+00:00,cpu,0.9,Scale Out,90.0,0.0,0.0,45.115454160851414,0.0,1.0,20,20,47.7597875005813,1.0,1.0
2026-09-27T17:17:29.767849+00:00,cpu,1.0,Scale Out,100.0,0.0,0.0,45.340911371892425,0.0,1.0,20,20,52.731640999809315,1.0,1.0
2026-09-27T17:17:40.787051+00:00,cpu,1.0,Scale Out,100.0,0.0,0.0,46.21998679403849,0.0,1.0,20,20,52.782266999201966,1.0,1.0
2026-09-27T17:17:51.817004+00:00,cpu,1.0,Scale Out,100.0,0.0,0.0,47.11426056502205,0.0,1.0,20,20,52.89431299934222,1.0,1.0
2026-09-27T17:18:02.836796+00:00,cpu,1.0,Scale Out,100.0,0.0,0.0,48.60075745957624,0.0,1.0,20,20,52.76196200065897,1.0,1.0
2026-09-27T17:18:13.861793+00:00,cpu,1.0,Scale Out,100.0,0.0,0.0,49.46035740400163,0.0,1.0,20,20,52.957652500481345,1.0,1.0
2026-09-27T17:18:24.883404+00:00,cpu,1.0,Scale Out,100.0,0.0,0.0,50.11693456346186,0.0,1.0,20,20,52.850236000267614,1.0,1.0
2026-09-27T17:18:35.905681+00:00,cpu,1.0,Scale Out,100.0,0.0,0.0,50.11591999490603,0.0,1.0,20,20,52.75715400057379,1.0,1.0
2026-09-27T17:18:46.925950+00:00,cpu,1.0,Scale Out,100.0,0.0,0.0,50.11591039501582,0.0,1.0,20,20,52.80463350027276,1.0,1.0
2026-09-27T17:18:57.950561+00:00,cpu,1.0,Scale Out,100.0,0.0,0.0,50.114625482330595,0.0,1.0,20,20,52.8126790004535,1.0,1.0
2026-09-27T17:19:08.971572+00:00,cpu,1.0,Scale Out,100.0,0.0,0.0,50.1142784900036,0.0,1.0,20,20,52.861174999634386,1.0,1.0
2026-09-27T17:19:19.989820+00:00,cpu,1.0,Scale Out,100.0,0.0,0.0,50.11447537697165,0.0,1.0,20,20,52.803344500716776,1.0,1.0
2026-09-27T17:19:31.012001+00:00,cpu,1.0,Scale Out,100.0,0.0,0.0,50.1149838839153,0.0,1.0,20,20,52.82719249953516,1.0,1.0
2026-09-27T17:19:42.047298+00:00,cpu,1.0,Scale Out,100.0,0.0,0.0,50.11655461307394,0.0,1.0,20,20,53.03484150044824,1.0,1.0
2026-09-27T17:19:53.080700+00:00,cpu,1.0,Scale Out,100.0,0.0,0.0,50.116746834955855,0.0,1.0,20,20,52.773354499549896,1.0,1.0
2026-09-27T17:20:04.102769+00:00,cpu,1.0,Scale Out,100.0,0.0,0.0,50.11643921492578,0.0,1.0,20,20,52.910271000655484,1.0,1.0
2026-09-27T17:20:16.128401+00:00,cpu,1.0,Scale Out,100.0,0.0,0.0,50.117523969929614,0.0,1.0,25,25,52.82618300043396,1.0,1.0
2026-09-27T17:20:27.148118+00:00,cpu,1.0,Scale Out,100.0,0.0,0.0,50.117657534910904,0.0,1.0,20,20,52.884616500705306,1.0,1.0
2026-09-27T17:20:38.171567+00:00,cpu,1.0,Scale Out,100.0,0.0,0.0,50.11571582491342,0.0,1.0,20,20,52.728391499840654,1.0,1.0
2026-09-27T17:20:49.190784+00:00,cpu,1.0,Scale Out,100.0,0.0,0.0,50.11540700994374,0.0,1.0,20,20,52.982192500167,1.0,1.0
2026-09-27T17:21:00.214107+00:00,cpu,1.0,Scale Out,100.0,0.0,0.0,50.11494719993607,0.0,1.0,20,20,52.889077499457926,1.0,1.0
2026-09-27T17:21:12.267634+00:00,memory,50.0,Do Nothing,0.0,9.765625,50.0,50.11416837493926,0.0,1.0,20,20,2.1778489999633166,1.0,1.0
2026-09-27T17:21:23.308735+00:00,memory,50.0,Do Nothing,0.0,9.765625,50.0,35.093012239940435,0.0,1.0,20,20,2.17394300034357,1.0,1.0
2026-09-27T17:21:34.351689+00:00,memory,50.0,Do Nothing,0.0,9.765625,50.0,26.331748674920163,0.0,1.0,20,20,2.140185499229119,1.0,1.0
2026-09-27T17:21:46.398767+00:00,memory,50.0,Do Nothing,0.0,9.765625,50.0,17.5721932799388,0.0,1.0,25,25,2.4386490003962535,1.0,1.0
2026-09-27T17:21:57.439605+00:00,memory,50.0,Do Nothing,0.0,9.765625,50.0,2.551612019979075,0.0,1.0,20,20,2.5489205008852878,1.0,1.0
2026-09-27T17:22:08.482064+00:00,memory,50.0,Do Nothing,0.0,9.765625,50.0,0.048588185036351206,0.0,1.0,20,20,2.3235070002556313,1.0,1.0
2026-09-27T17:22:19.524861+00:00,memory,50.0,Do Nothing,0.0,9.765625,50.0,0.04759097508213017,0.0,1.0,20,20,2.3838125007387134,1.0,1.0
2026-09-27T17:22:30.564327+00:00,memory,50.0,Do Nothing,0.0,9.765625,50.0,0.04694225509410899,0.0,1.0,20,20,2.4236389999714447,1.0,1.0
2026-09-27T17:22:42.604733+00:00,memory,50.0,Do Nothing,0.0,9.765625,50.0,0.044194905049153015,0.0,1.0,20,20,2.45170149992191,1.0,1.0
2026-09-27T17:22:53.664795+00:00,memory,50.0,Do Nothing,0.0,9.765625,50.0,0.045197845056463855,0.0,1.0,20,20,2.4418599996351986,1.0,1.0
2026-09-27T17:23:04.713168+00:00,memory,50.0,Do Nothing,0.0,9.765625,50.0,0.04505046002122981,0.0,1.0,20,20,2.053845499176532,1.0,1.0
2026-09-27T17:23:16.757172+00:00,memory,50.0,Do Nothing,0.0,9.765625,50.0,0.045716619997619994,0.0,1.0,25,25,2.684544999283389,1.0,1.0
2026-09-27T17:23:27.803051+00:00,memory,50.0,Do Nothing,0.0,9.765625,50.0,0.04798081999979331,0.0,1.0,20,20,2.5678049996713526,1.0,1.0
2026-09-27T17:23:38.855561+00:00,memory,50.0,Do Nothing,0.0,9.765625,50.0,0.048233500001515495,0.0,1.0,20,20,1.9027489997824887,1.0,1.0
2026-09-27T17:23:49.896736+00:00,memory,50.0,Do Nothing,0.0,9.765625,50.0,0.045810090005034,0.0,1.0,20,20,2.1257765001791995,1.0,1.0
2026-09-27T17:24:00.936662+00:00,memory,50.0,Do Nothing,0.0,9.765625,50.0,0.04639042498638446,0.0,1.0,20,20,2.298001000781369,1.0,1.0
2026-09-27T17:24:11.977206+00:00,memory,50.0,Do Nothing,0.0,9.765625,50.0,0.04526606156641486,0.0,1.0,20,20,2.008124499297992,1.0,1.0
2026-09-27T17:24:23.017134+00:00,memory,50.0,Do Nothing,0.0,9.765625,50.0,0.04295096926701566,0.0,1.0,20,20,2.037794500211021,1.0,1.0
2026-09-27T17:24:34.071182+00:00,memory,50.0,Do Nothing,0.0,9.765625,50.0,0.04352960513176349,0.0,1.0,20,20,2.607817000352952,1.0,1.0
2026-09-27T17:24:46.113559+00:00,memory,50.0,Do Nothing,0.0,9.765625,50.0,0.04338441538446857,0.0,1.0,25,25,2.494207999916398,1.0,1.0
2026-09-27T17:24:57.184349+00:00,memory,100.0,Do Nothing,0.0,19.53125,100.0,0.042588955020619323,0.0,1.0,20,20,2.3352265006906237,1.0,1.0
2026-09-27T17:25:08.244333+00:00,memory,100.0,Do Nothing,0.0,19.53125,100.0,0.043516919986359426,0.0,1.0,20,20,2.3284159988179454,1.0,1.0
2026-09-27T17:25:19.324775+00:00,memory,100.0,Do Nothing,0.0,19.53125,100.0,0.043859719999090885,0.0,1.0,20,20,2.105306500197912,1.0,1.0
2026-09-27T17:25:30.386849+00:00,memory,100.0,Do Nothing,0.0,19.53125,100.0,0.04300795001654478,0.0,1.0,20,20,2.0933834994139033,1.0,1.0
2026-09-27T17:25:42.477494+00:00,memory,100.0,Do Nothing,0.0,19.53125,100.0,0.04333840000072087,0.0,1.0,20,20,2.4301445000673993,1.0,1.0
2026-09-27T17:25:53.536855+00:00,memory,100.0,Do Nothing,0.0,19.53125,100.0,0.042831814989767736,0.0,1.0,20,20,2.0268155003577704,1.0,1.0
2026-09-27T17:26:04.592691+00:00,memory,100.0,Do Nothing,0.0,19.53125,100.0,0.04264266996869992,0.0,1.0,20,20,2.3333475010076654,1.0,1.0
2026-09-27T17:26:16.654895+00:00,memory,100.0,Do Nothing,0.0,19.53125,100.0,0.04291801495128311,0.0,1.0,25,25,2.0984650000173133,1.0,1.0
2026-09-27T17:26:27.718118+00:00,memory,100.0,Do Nothing,0.0,19.53125,100.0,0.0432980649475212,0.0,1.0,20,20,2.6307039997846005,1.0,1.0
2026-09-27T17:26:38.774593+00:00,memory,100.0,Do Nothing,0.0,19.53125,100.0,0.042579830005706754,0.0,1.0,20,20,1.9692480000230717,1.0,1.0
2026-09-27T17:26:49.831914+00:00,memory,100.0,Do Nothing,0.0,19.53125,100.0,0.043171449960937025,0.0,1.0,20,20,2.4966590008261846,1.0,1.0
2026-09-27T17:27:00.896856+00:00,memory,100.0,Do Nothing,0.0,19.53125,100.0,0.04263078497388051,0.0,1.0,20,20,2.2182570000950363,1.0,1.0
2026-09-27T17:27:11.970478+00:00,memory,100.0,Do Nothing,0.0,19.53125,100.0,0.04290718975542591,0.0,1.0,20,20,2.0948225010215538,1.0,1.0
2026-09-27T17:27:23.038796+00:00,memory,100.0,Do Nothing,0.0,19.53125,100.0,0.0428705743569224,0.0,1.0,20,20,2.3842464997869683,1.0,1.0
2026-09-27T17:27:34.100295+00:00,memory,100.0,Do Nothing,0.0,19.53125,100.0,0.0442505178888006,0.0,1.0,20,20,2.358832999561855,1.0,1.0
2026-09-27T17:27:46.182424+00:00,memory,100.0,Do Nothing,0.0,19.53125,100.0,0.04463782050805047,0.0,1.0,25,25,2.4156720010068966,1.0,1.0
2026-09-27T17:27:57.241550+00:00,memory,100.0,Do Nothing,0.0,19.53125,100.0,0.04650173847412822,0.0,1.0,20,20,2.2566050001842086,1.0,1.0
2026-09-27T17:28:08.304013+00:00,memory,100.0,Do Nothing,0.0,19.53125,100.0,0.0463404200036166,0.0,1.0,20,20,2.2098934996392927,1.0,1.0
2026-09-27T17:28:19.360446+00:00,memory,100.0,Do Nothing,0.0,19.53125,100.0,0.04573476499899698,0.0,1.0,20,20,1.9971399997302797,1.0,1.0
2026-09-27T17:28:30.419789+00:00,memory,100.0,Do Nothing,0.0,19.53125,100.0,0.044277075030549895,0.0,1.0,20,20,2.2852265001347405,1.0,1.0
2026-09-27T17:28:42.521913+00:00,memory,150.0,Do Nothing,0.0,29.296875,150.0,0.04391322997435054,0.0,1.0,20,20,2.3458704999939073,1.0,1.0
2026-09-27T17:28:53.612250+00:00,memory,150.0,Do Nothing,0.0,29.296875,150.0,0.04321221993450308,0.0,1.0,20,20,2.084412500153121,1.0,1.0
2026-09-27T17:29:04.693876+00:00,memory,150.0,Do Nothing,0.0,29.296875,150.0,0.044078104956497555,0.0,1.0,20,20,2.1127685004103114,1.0,1.0
2026-09-27T17:29:16.781599+00:00,memory,150.0,Do Nothing,0.0,29.296875,150.0,0.04448565998245613,0.0,1.0,25,25,2.2414920003939187,1.0,1.0
2026-09-27T17:29:27.859729+00:00,memory,150.0,Do Nothing,0.0,29.296875,150.0,0.04773190505147796,0.0,1.0,20,20,2.3275465000551776,1.0,1.0
2026-09-27T17:29:38.952925+00:00,memory,150.0,Do Nothing,0.0,29.296875,150.0,0.04758891800287155,0.0,1.0,20,20,2.7553940008147038,1.0,1.0
2026-09-27T17:29:50.037615+00:00,memory,150.0,Do Nothing,0.0,29.296875,150.0,0.047078994966562815,0.0,1.0,20,20,2.29042449973349,1.0,1.0
2026-09-27T17:30:01.116346+00:00,memory,150.0,Do Nothing,0.0,29.296875,150.0,0.04657912319929052,0.0,1.0,20,20,2.2836430007373565,1.0,1.0
2026-09-27T17:30:12.199690+00:00,memory,150.0,Do Nothing,0.0,29.296875,150.0,0.045676907775953464,0.0,1.0,20,20,2.2098734998508007,1.0,1.0
2026-09-27T17:30:23.340867+00:00,memory,150.0,Do Nothing,0.0,29.296875,150.0,0.0441371487305822,0.0,1.0,20,20,2.35890000112704,1.0,1.0
2026-09-27T17:30:34.446047+00:00,memory,150.0,Do Nothing,0.0,29.296875,150.0,0.04439268501300831,0.0,1.0,20,20,2.2312864994091797,1.0,1.0
2026-09-27T17:30:46.526009+00:00,memory,150.0,Do Nothing,0.0,29.296875,150.0,0.044101814992245636,0.0,1.0,25,25,2.0946549993823282,1.0,1.0
2026-09-27T17:30:57.636858+00:00,memory,150.0,Do Nothing,0.0,29.296875,150.0,0.04369704995951906,0.0,1.0,20,20,2.5100884995481465,1.0,1.0
2026-09-27T17:31:08.756608+00:00,memory,150.0,Do Nothing,0.0,29.296875,150.0,0.044143164977867855,0.0,1.0,20,20,2.134312499947555,1.0,1.0
2026-09-27T17:31:19.831763+00:00,memory,150.0,Do Nothing,0.0,29.296875,150.0,0.043120395039295545,0.0,1.0,20,20,2.1275630006130086,1.0,1.0
2026-09-27T17:31:30.924513+00:00,memory,150.0,Do Nothing,0.0,29.296875,150.0,0.042750805154448755,0.0,1.0,20,20,2.049267500296992,1.0,1.0
2026-09-27T17:31:42.011048+00:00,memory,150.0,Do Nothing,0.0,29.296875,150.0,0.042016917965762936,0.0,1.0,20,20,2.0997080000597634,1.0,1.0
2026-09-27T17:31:53.090013+00:00,memory,150.0,Do Nothing,0.0,29.296875,150.0,0.041814856432700664,0.0,1.0,20,20,2.2981154997978592,1.0,1.0
2026-09-27T17:32:04.196712+00:00,memory,150.0,Do Nothing,0.0,29.296875,150.0,0.04136650256837945,0.0,1.0,20,20,1.9134090007355553,1.0,1.0
2026-09-27T17:32:16.271706+00:00,memory,150.0,Do Nothing,0.0,29.296875,150.0,0.04223201023519207,0.0,1.0,25,25,2.1590209998976206,1.0,1.0
2026-09-27T17:32:27.387026+00:00,memory,200.0,Restart Service,0.0,39.0625,200.0,0.04197049996946589,0.0,1.0,20,20,2.0054709993928554,1.0,1.0
2026-09-27T17:32:38.485345+00:00,memory,200.0,Restart Service,0.0,39.0625,200.0,0.042074399952980464,0.0,1.0,20,20,2.1079029993416043,1.0,1.0
2026-09-27T17:32:49.594980+00:00,memory,200.0,Restart Service,0.0,39.0625,200.0,0.042314784941481776,0.0,1.0,20,20,2.090732499709702,1.0,1.0
2026-09-27T17:33:00.695711+00:00,memory,200.0,Restart Service,0.0,39.0625,200.0,0.04281498997443123,0.0,1.0,20,20,2.3368194997601677,1.0,1.0
2026-09-27T17:33:12.791028+00:00,memory,200.0,Restart Service,0.0,39.0625,200.0,0.04260238000824757,0.0,1.0,20,20,1.9478599997455603,1.0,1.0
2026-09-27T17:33:23.893501+00:00,memory,200.0,Restart Service,0.0,39.0625,200.0,0.04254035509802634,0.0,1.0,20,20,2.3433195001416607,1.0,1.0
2026-09-27T17:33:34.993852+00:00,memory,200.0,Restart Service,0.0,39.0625,200.0,0.0428567334053626,0.0,1.0,20,20,2.011111499996332,1.0,1.0
2026-09-27T17:33:46.093039+00:00,memory,200.0,Restart Service,0.0,39.0625,200.0,0.042521112901830256,0.0,1.0,20,20,2.5993999997808714,1.0,1.0
2026-09-27T17:33:57.231650+00:00,memory,200.0,Restart Service,0.0,39.0625,200.0,0.04265657950712081,0.0,1.0,20,20,2.1390459996837308,1.0,1.0
2026-09-27T17:34:08.342502+00:00,memory,200.0,Restart Service,0.0,39.0625,200.0,0.04302448722181651,0.0,1.0,20,20,2.4279859999296605,1.0,1.0
2026-09-27T17:34:19.481760+00:00,memory,200.0,Restart Service,0.0,39.0625,200.0,0.043684451278143875,0.0,1.0,20,20,2.268303000164451,1.0,1.0
2026-09-27T17:34:30.585445+00:00,memory,200.0,Restart Service,0.0,39.0625,200.0,0.04384434003441129,0.0,1.0,20,20,2.078555999105447,1.0,1.0
2026-09-27T17:34:42.680964+00:00,memory,200.0,Restart Service,0.0,39.0625,200.0,0.044570005038622185,0.0,1.0,20,20,2.3079660004441394,1.0,1.0
2026-09-27T17:34:53.812574+00:00,memory,200.0,Restart Service,0.0,39.0625,200.0,0.045377880005617044,0.0,1.0,20,20,2.486424999915471,1.0,1.0
2026-09-27T17:35:04.906483+00:00,memory,200.0,Restart Service,0.0,39.0625,200.0,0.04508579483790061,0.0,1.0,20,20,2.047986999968998,1.0,1.0
2026-09-27T17:35:16.010710+00:00,memory,200.0,Restart Service,0.0,39.0625,200.0,0.04471972304320214,0.0,1.0,20,20,2.3602024994033854,1.0,1.0
2026-09-27T17:35:27.128769+00:00,memory,200.0,Restart Service,0.0,39.0625,200.0,0.04469285126199397,0.0,1.0,20,20,2.4047235001489753,1.0,1.0
2026-09-27T17:35:38.227312+00:00,memory,200.0,Restart Service,0.0,39.0625,200.0,0.042768456385088846,0.0,1.0,20,20,2.0561920000545797,1.0,1.0
2026-09-27T17:35:49.373162+00:00,memory,200.0,Restart Service,0.0,39.0625,200.0,0.042081994858259954,0.0,1.0,20,20,2.3290469998755725,1.0,1.0
2026-09-27T17:36:00.469895+00:00,memory,200.0,Restart Service,0.0,39.0625,200.0,0.04245065000759496,0.0,1.0,20,20,2.117070500389673,1.0,1.0
2026-09-27T17:36:12.624760+00:00,memory,300.0,Restart Service,0.0,58.59375,300.0,0.04289198504011438,0.0,1.0,20,20,2.025701999627927,1.0,1.0
2026-09-27T17:36:23.784554+00:00,memory,300.0,Restart Service,0.0,58.59375,300.0,0.042492340071476065,0.0,1.0,20,20,2.126604000295629,1.0,1.0
2026-09-27T17:36:34.916097+00:00,memory,300.0,Restart Service,0.0,58.59375,300.0,0.04220409236717015,0.0,1.0,20,20,2.156867500161752,1.0,1.0
2026-09-27T17:36:46.065321+00:00,memory,300.0,Restart Service,0.0,58.59375,300.0,0.04267709237189057,0.0,1.0,20,20,1.9687530002556741,1.0,1.0
2026-09-27T17:36:57.212884+00:00,memory,300.0,Restart Service,0.0,58.59375,300.0,0.043112620541927375,0.0,1.0,20,20,2.4647514992466313,1.0,1.0
2026-09-27T17:37:08.347378+00:00,memory,300.0,Restart Service,0.0,58.59375,300.0,0.04243270254496915,0.0,1.0,20,20,2.120730499882484,1.0,1.0
2026-09-27T17:37:19.499198+00:00,memory,300.0,Restart Service,0.0,58.59375,300.0,0.042683651227912955,0.0,1.0,20,20,2.1034119999967515,1.0,1.0
2026-09-27T17:37:30.630155+00:00,memory,300.0,Restart Service,0.0,58.59375,300.0,0.04257096496985468,0.0,1.0,20,20,2.19595050020871,1.0,1.0
2026-09-27T17:37:42.762073+00:00,memory,300.0,Restart Service,0.0,58.59375,300.0,0.04334176499469323,0.0,1.0,20,20,2.4322219996975036,1.0,1.0
2026-09-27T17:37:53.935873+00:00,memory,300.0,Restart Service,0.0,58.59375,300.0,0.04340464106346003,0.0,1.0,20,20,2.1134444996278035,1.0,1.0
2026-09-27T17:38:05.066820+00:00,memory,300.0,Restart Service,0.0,58.59375,300.0,0.04463138467168065,0.0,1.0,20,20,2.1508074996745563,1.0,1.0
2026-09-27T17:38:16.201249+00:00,memory,300.0,Restart Service,0.0,58.59375,300.0,0.04507188211554865,0.0,1.0,20,20,2.358578499297437,1.0,1.0
2026-09-27T17:38:27.367288+00:00,memory,300.0,Restart Service,0.0,58.59375,300.0,0.046058743595121764,0.0,1.0,20,20,2.326605001144344,1.0,1.0
2026-09-27T17:38:38.504600+00:00,memory,300.0,Restart Service,0.0,58.59375,300.0,0.04410736408504025,0.0,1.0,20,20,2.02680100028374,1.0,1.0
2026-09-27T17:38:50.131419+00:00,memory,300.0,Restart Service,0.0,58.59375,300.0,0.04385812817184696,0.0,1.0,20,20,2.58985899927211,1.0,1.0
2026-09-27T17:39:01.566009+00:00,memory,300.0,Restart Service,0.0,58.59375,300.0,0.04374882048115326,0.0,1.0,20,20,2.3036270004013204,1.0,1.0
2026-09-27T17:39:12.713246+00:00,memory,300.0,Restart Service,0.0,58.59375,300.0,0.043172887205564156,0.0,1.0,20,20,2.289934999680554,1.0,1.0
2026-09-27T17:39:23.914604+00:00,memory,300.0,Restart Service,0.0,58.59375,300.0,0.04313064745426681,0.0,1.0,20,20,2.403114000117057,1.0,1.0
2026-09-27T17:39:35.051653+00:00,memory,300.0,Restart Service,0.0,58.59375,300.0,0.0447451369358245,0.0,1.0,20,20,2.0397889993546414,1.0,1.0
2026-09-27T17:39:46.185568+00:00,memory,300.0,Restart Service,0.0,58.59375,300.0,0.04555812827162206,0.0,1.0,20,20,2.2916289999557193,1.0,1.0
2026-09-27T17:39:57.384621+00:00,memory,400.0,Restart Service,0.0,78.125,400.0,0.04494405644109998,0.0,1.0,20,20,2.447522500915511,1.0,1.0
2026-09-27T17:40:08.551073+00:00,memory,400.0,Restart Service,0.0,78.125,400.0,0.04509390776384419,0.0,1.0,20,20,2.0121190009376733,1.0,1.0
2026-09-27T17:40:19.747194+00:00,memory,400.0,Restart Service,0.0,78.125,400.0,0.04400276003252657,0.0,1.0,20,20,2.1506755001610145,1.0,1.0
2026-09-27T17:40:30.918752+00:00,memory,400.0,Restart Service,0.0,78.125,400.0,0.04277878975606141,0.0,1.0,20,20,2.030263999586168,1.0,1.0
2026-09-27T17:40:42.090352+00:00,memory,400.0,Restart Service,0.0,78.125,400.0,0.04262987184539759,0.0,1.0,20,20,2.2560584993698285,1.0,1.0
2026-09-27T17:40:53.446975+00:00,memory,400.0,Restart Service,0.0,78.125,400.0,0.042810077026772954,0.0,1.0,20,20,2.171525000449037,1.0,1.0
2026-09-27T17:41:04.617048+00:00,memory,400.0,Restart Service,0.0,78.125,400.0,0.04392489752671024,0.0,1.0,20,20,2.492869999514369,1.0,1.0
2026-09-27T17:41:16.791870+00:00,memory,400.0,Restart Service,0.0,78.125,400.0,0.04446104621120657,0.0,1.0,25,25,2.4721429999772226,1.0,1.0
2026-09-27T17:41:28.078361+00:00,memory,400.0,Restart Service,0.0,78.125,400.0,0.046026953919536956,0.0,1.0,20,20,2.2306550008579507,1.0,1.0
2026-09-27T17:41:39.280933+00:00,memory,400.0,Restart Service,0.0,78.125,400.0,0.04566988723243599,0.0,1.0,20,20,1.9859600006384426,1.0,1.0
2026-09-27T17:41:50.519419+00:00,memory,400.0,Restart Service,0.0,78.125,400.0,0.045422338473891176,0.0,1.0,20,20,2.1447955004987307,1.0,1.0
2026-09-27T17:42:01.696970+00:00,memory,400.0,Restart Service,0.0,78.125,400.0,0.044690635891479015,0.0,1.0,20,20,2.4463444997309125,1.0,1.0
2026-09-27T17:42:12.873009+00:00,memory,400.0,Restart Service,0.0,78.125,400.0,0.043723387415511704,0.0,1.0,20,20,2.029145999586035,1.0,1.0
2026-09-27T17:42:24.082976+00:00,memory,400.0,Restart Service,0.0,78.125,400.0,0.04391187695802774,0.0,1.0,20,20,2.1212725005170796,1.0,1.0
2026-09-27T17:42:35.253451+00:00,memory,400.0,Restart Service,0.0,78.125,400.0,0.04454866671622791,0.0,1.0,20,20,2.4686730012035696,1.0,1.0
2026-09-27T17:42:46.458576+00:00,memory,400.0,Restart Service,0.0,78.125,400.0,0.043898738490847446,0.0,1.0,20,20,2.54683399998612,1.0,1.0
2026-09-27T17:42:57.636891+00:00,memory,400.0,Restart Service,0.0,78.125,400.0,0.0431484051100247,0.0,1.0,20,20,2.2203344997251406,1.0,1.0
2026-09-27T17:43:08.830893+00:00,memory,400.0,Restart Service,0.0,78.125,400.0,0.0450052411906654,0.0,1.0,20,20,2.232320998700743,1.0,1.0
2026-09-27T17:43:20.066366+00:00,memory,400.0,Restart Service,0.0,78.125,400.0,0.045589620435165644,0.0,1.0,20,20,2.058205499452015,1.0,1.0
2026-09-27T17:43:31.240519+00:00,memory,400.0,Restart Service,0.0,78.125,400.0,0.045270999870785415,0.0,1.0,20,20,2.110769999490003,1.0,1.0
2026-09-27T17:43:42.274000+00:00,latency,100.0,Do Nothing,0.0,0.0,0.0,10.329017994780981,0.0,1.0,20,20,103.49897799915198,1.0,1.0
2026-09-27T17:43:53.295823+00:00,latency,100.0,Do Nothing,0.0,0.0,0.0,28.333913928126535,0.0,1.0,20,20,103.47137999997358,1.0,1.0
2026-09-27T17:44:04.318143+00:00,latency,100.0,Do Nothing,0.0,0.0,0.0,46.33093422556927,0.0,1.0,20,20,102.98470550060301,1.0,1.0
2026-09-27T17:44:16.340092+00:00,latency,100.0,Do Nothing,0.0,0.0,0.0,62.72109907993581,0.0,1.0,25,25,103.0777300002228,1.0,1.0
2026-09-27T17:44:27.364213+00:00,latency,100.0,Do Nothing,0.0,0.0,0.0,92.77489964321587,0.0,1.0,20,20,103.35833899989666,1.0,1.0
2026-09-27T17:44:38.384141+00:00,latency,100.0,Do Nothing,0.0,0.0,0.0,100.33709493971163,0.0,1.0,20,20,103.34955500002252,1.0,1.0
2026-09-27T17:44:49.405125+00:00,latency,100.0,Do Nothing,0.0,0.0,0.0,100.33587100500444,0.0,1.0,20,20,103.55462349980371,1.0,1.0
2026-09-27T17:45:00.426582+00:00,latency,100.0,Do Nothing,0.0,0.0,0.0,100.34094995473113,0.0,1.0,20,20,103.23420550048468,1.0,1.0
2026-09-27T17:45:11.449883+00:00,latency,100.0,Do Nothing,0.0,0.0,0.0,100.34578973997668,0.0,1.0,20,20,103.20133849927515,1.0,1.0
2026-09-27T17:45:22.469408+00:00,latency,100.0,Do Nothing,0.0,0.0,0.0,100.34817038692596,0.0,1.0,20,20,103.20886950103159,1.0,1.0
2026-09-27T17:45:33.491802+00:00,latency,100.0,Do Nothing,0.0,0.0,0.0,100.34863118590835,0.0,1.0,20,20,103.32485449998785,1.0,1.0
2026-09-27T17:45:44.518045+00:00,latency,100.0,Do Nothing,0.0,0.0,0.0,100.35039050256925,0.0,1.0,20,20,103.30788950068381,1.0,1.0
2026-09-27T17:45:55.539753+00:00,latency,100.0,Do Nothing,0.0,0.0,0.0,100.35038944734518,0.0,1.0,20,20,103.47190400079853,1.0,1.0
2026-09-27T17:46:06.562019+00:00,latency,100.0,Do Nothing,0.0,0.0,0.0,100.34943345510328,0.0,1.0,20,20,103.28954750093544,1.0,1.0
2026-09-27T17:46:17.582989+00:00,latency,100.0,Do Nothing,0.0,0.0,0.0,100.34319782424969,0.0,1.0,20,20,103.23217700079113,1.0,1.0
2026-09-27T17:46:28.603600+00:00,latency,100.0,Do Nothing,0.0,0.0,0.0,100.34477100015094,0.0,1.0,20,20,103.3806605009886,1.0,1.0
2026-09-27T17:46:39.628840+00:00,latency,100.0,Do Nothing,0.0,0.0,0.0,100.34372402517889,0.0,1.0,20,20,103.24440199929086,1.0,1.0
2026-09-27T17:46:50.649675+00:00,latency,100.0,Do Nothing,0.0,0.0,0.0,100.34464561305236,0.0,1.0,20,20,103.16521749973617,1.0,1.0
2026-09-27T17:47:01.670122+00:00,latency,100.0,Do Nothing,0.0,0.0,0.0,100.34524051999142,0.0,1.0,20,20,103.3724839999195,1.0,1.0
2026-09-27T17:47:12.692391+00:00,latency,100.0,Do Nothing,0.0,0.0,0.0,100.34665574872707,0.0,1.0,20,20,103.43763150012819,1.0,1.0
2026-09-27T17:47:23.716218+00:00,latency,300.0,Do Nothing,0.0,0.0,0.0,105.52596439888453,0.0,1.0,10,10,303.2326894999642,1.0,1.0
2026-09-27T17:47:34.737193+00:00,latency,300.0,Do Nothing,0.0,0.0,0.0,126.48473132383678,0.0,1.0,10,10,303.4608809994097,1.0,1.0
2026-09-27T17:47:45.758675+00:00,latency,300.0,Do Nothing,0.0,0.0,0.0,150.98090687341121,0.0,1.0,10,10,303.2905859990933,1.0,1.0
2026-09-27T17:47:56.778248+00:00,latency,300.0,Do Nothing,0.0,0.0,0.0,186.06421577143396,0.0,1.0,10,10,303.34616850086604,1.0,1.0
2026-09-27T17:48:07.801458+00:00,latency,300.0,Do Nothing,0.0,0.0,0.0,257.4992764999869,0.0,1.0,10,10,303.38189600024634,1.0,1.0
2026-09-27T17:48:18.822540+00:00,latency,300.0,Do Nothing,0.0,0.0,0.0,300.3619145600351,0.0,1.0,10,10,303.62729850094183,1.0,1.0
2026-09-27T17:48:29.843275+00:00,latency,300.0,Do Nothing,0.0,0.0,0.0,300.35502199001706,0.0,1.0,10,10,303.2312625000486,1.0,1.0
2026-09-27T17:48:40.862910+00:00,latency,300.0,Do Nothing,0.0,0.0,0.0,300.3543970800092,0.0,1.0,10,10,303.3942015008506,1.0,1.0
2026-09-27T17:48:51.882281+00:00,latency,300.0,Do Nothing,0.0,0.0,0.0,300.3458245799993,0.0,1.0,10,10,303.1159074998868,1.0,1.0
2026-09-27T17:49:02.904911+00:00,latency,300.0,Do Nothing,0.0,0.0,0.0,300.35330784001417,0.0,1.0,10,10,303.4401644990794,1.0,1.0
2026-09-27T17:49:13.924411+00:00,latency,300.0,Do Nothing,0.0,0.0,0.0,300.3522779100422,0.0,1.0,10,10,303.72719850038266,1.0,1.0
2026-09-27T17:49:24.945010+00:00,latency,300.0,Do Nothing,0.0,0.0,0.0,300.3496736869927,0.0,1.0,10,10,303.3020859993485,1.0,1.0
2026-09-27T17:49:35.965237+00:00,latency,300.0,Do Nothing,0.0,0.0,0.0,300.3447953701107,0.0,1.0,10,10,303.3794304992625,1.0,1.0
2026-09-27T17:49:46.985088+00:00,latency,300.0,Do Nothing,0.0,0.0,0.0,300.356561960125,0.0,1.0,10,10,303.3727944994098,1.0,1.0
2026-09-27T17:49:58.005426+00:00,latency,300.0,Do Nothing,0.0,0.0,0.0,300.3532711213528,0.0,1.0,10,10,303.29344699930516,1.0,1.0
2026-09-27T17:50:09.026382+00:00,latency,300.0,Do Nothing,0.0,0.0,0.0,300.35614612008425,0.0,1.0,10,10,303.2913995011768,1.0,1.0
2026-09-27T17:50:20.044971+00:00,latency,300.0,Do Nothing,0.0,0.0,0.0,300.3567790099805,0.0,1.0,10,10,303.1962704990292,1.0,1.0
2026-09-27T17:50:31.066825+00:00,latency,300.0,Do Nothing,0.0,0.0,0.0,300.3584307800156,0.0,1.0,10,10,303.3713850009008,1.0,1.0
2026-09-27T17:50:42.093620+00:00,latency,300.0,Do Nothing,0.0,0.0,0.0,300.35077079992334,0.0,1.0,10,10,302.9581765003968,1.0,1.0
2026-09-27T17:50:53.115871+00:00,latency,300.0,Do Nothing,0.0,0.0,0.0,300.343469699892,0.0,1.0,10,10,303.35334999927,1.0,1.0
2026-09-27T17:51:08.138592+00:00,latency,500.0,Do Nothing,0.0,0.0,0.0,306.4637881325696,0.0,1.0,10,10,503.29254400003265,1.0,1.0
2026-09-27T17:51:23.157599+00:00,latency,500.0,Do Nothing,0.0,0.0,0.0,352.6154511476058,0.0,1.0,10,10,503.4553915002107,1.0,1.0
2026-09-27T17:51:38.178755+00:00,latency,500.0,Do Nothing,0.0,0.0,0.0,403.9491493734325,0.0,1.0,10,10,503.0727035009477,1.0,1.0
2026-09-27T17:51:53.202593+00:00,latency,500.0,Do Nothing,0.0,0.0,0.0,466.124886052536,0.0,1.0,10,10,503.23560800006817,1.0,1.0
2026-09-27T17:52:08.223771+00:00,latency,500.0,Do Nothing,0.0,0.0,0.0,500.3226513332113,0.0,1.0,10,10,503.38583849952556,1.0,1.0
2026-09-27T17:52:23.246752+00:00,latency,500.0,Do Nothing,0.0,0.0,0.0,500.3300605972324,0.0,1.0,10,10,503.29236300058255,1.0,1.0
2026-09-27T17:52:38.268729+00:00,latency,500.0,Do Nothing,0.0,0.0,0.0,500.3299238473018,0.0,1.0,10,10,503.2327604994862,1.0,1.0
2026-09-27T17:52:53.286787+00:00,latency,500.0,Do Nothing,0.0,0.0,0.0,500.3345735417244,0.0,1.0,10,10,503.28541600083554,1.0,1.0
2026-09-27T17:53:08.307533+00:00,latency,500.0,Do Nothing,0.0,0.0,0.0,500.3338029445482,0.0,1.0,10,10,503.1790490002095,1.0,1.0
2026-09-27T17:53:23.325933+00:00,latency,500.0,Do Nothing,0.0,0.0,0.0,500.33546338031755,0.0,1.0,10,10,503.40337000034197,1.0,1.0
2026-09-27T17:53:38.344364+00:00,latency,500.0,Do Nothing,0.0,0.0,0.0,500.3253182816043,0.0,1.0,10,10,503.13259399990784,1.0,1.0
2026-09-27T17:53:53.366531+00:00,latency,500.0,Do Nothing,0.0,0.0,0.0,500.3209822112746,0.0,1.0,10,10,503.30993099942134,1.0,1.0
2026-09-27T17:54:08.387121+00:00,latency,500.0,Do Nothing,0.0,0.0,0.0,500.31656439438245,0.0,1.0,10,10,503.2038140006989,1.0,1.0
2026-09-27T17:54:23.405850+00:00,latency,500.0,Do Nothing,0.0,0.0,0.0,500.3177795139082,0.0,1.0,10,10,503.4909954993054,1.0,1.0
2026-09-27T17:54:38.424495+00:00,latency,500.0,Do Nothing,0.0,0.0,0.0,500.3354062916969,0.0,1.0,10,10,503.15384400073526,1.0,1.0
2026-09-27T17:54:53.444514+00:00,latency,500.0,Do Nothing,0.0,0.0,0.0,500.34057700001233,0.0,1.0,10,10,503.001826500622,1.0,1.0
2026-09-27T17:55:08.464086+00:00,latency,500.0,Do Nothing,0.0,0.0,0.0,500.34166309721206,0.0,1.0,10,10,503.4098055002687,1.0,1.0
2026-09-27T17:55:23.484508+00:00,latency,500.0,Do Nothing,0.0,0.0,0.0,500.3436627361123,0.0,1.0,10,10,503.5733299991989,1.0,1.0
2026-09-27T17:55:38.504242+00:00,latency,500.0,Do Nothing,0.0,0.0,0.0,500.33895891662416,0.0,1.0,10,10,503.2328545012206,1.0,1.0
2026-09-27T17:55:53.524191+00:00,latency,500.0,Do Nothing,0.0,0.0,0.0,500.3366755000166,0.0,1.0,10,10,502.8869409998151,1.0,1.0
2026-09-27T17:56:04.547189+00:00,latency,700.0,Rollback,0.0,0.0,0.0,503.15061747883004,0.0,1.0,5,5,703.039023999736,1.0,1.0
2026-09-27T17:56:15.569254+00:00,latency,700.0,Rollback,0.0,0.0,0.0,529.7555961764481,0.0,1.0,5,5,703.1104630004847,1.0,1.0
2026-09-27T17:56:26.588180+00:00,latency,700.0,Rollback,0.0,0.0,0.0,565.9156241967079,0.0,1.0,5,5,703.4367870001006,1.0,1.0
2026-09-27T17:56:37.609665+00:00,latency,700.0,Rollback,0.0,0.0,0.0,623.9726029999556,0.0,1.0,5,5,703.6067110002477,1.0,1.0
2026-09-27T17:56:48.633610+00:00,latency,700.0,Rollback,0.0,0.0,0.0,662.610452830192,0.0,1.0,5,5,702.9972700001963,1.0,1.0
2026-09-27T17:56:59.653644+00:00,latency,700.0,Rollback,0.0,0.0,0.0,700.3453569400517,0.0,1.0,5,5,702.9145510005037,1.0,1.0
2026-09-27T17:57:10.676378+00:00,latency,700.0,Rollback,0.0,0.0,0.0,700.335594780081,0.0,1.0,5,5,703.5241220000898,1.0,1.0
2026-09-27T17:57:21.695516+00:00,latency,700.0,Rollback,0.0,0.0,0.0,700.3431008201733,0.0,1.0,5,5,703.6752869989868,1.0,1.0
2026-09-27T17:57:32.721279+00:00,latency,700.0,Rollback,0.0,0.0,0.0,700.3555887402035,0.0,1.0,5,5,702.9873379997298,1.0,1.0
2026-09-27T17:57:43.746330+00:00,latency,700.0,Rollback,0.0,0.0,0.0,700.359650796117,0.0,1.0,5,5,703.0772419984714,1.0,1.0
2026-09-27T17:57:54.768287+00:00,latency,700.0,Rollback,0.0,0.0,0.0,700.3711606801882,0.0,1.0,5,5,703.2452479998028,1.0,1.0
2026-09-27T17:58:05.789122+00:00,latency,700.0,Rollback,0.0,0.0,0.0,700.3818716001116,0.0,1.0,5,5,703.1168780013104,1.0,1.0
2026-09-27T17:58:16.813131+00:00,latency,700.0,Rollback,0.0,0.0,0.0,700.375184760087,0.0,1.0,5,5,703.2177429991862,1.0,1.0
2026-09-27T17:58:27.834734+00:00,latency,700.0,Rollback,0.0,0.0,0.0,700.3754281199872,0.0,1.0,5,5,703.6878960007016,1.0,1.0
2026-09-27T17:58:38.854540+00:00,latency,700.0,Rollback,0.0,0.0,0.0,700.3695468799924,0.0,1.0,5,5,703.1669609987148,1.0,1.0
2026-09-27T17:58:49.872173+00:00,latency,700.0,Rollback,0.0,0.0,0.0,700.3600749199904,0.0,1.0,5,5,703.1078700001672,1.0,1.0
2026-09-27T17:59:00.892088+00:00,latency,700.0,Rollback,0.0,0.0,0.0,700.3633775399794,0.0,1.0,5,5,703.3407899998565,1.0,1.0
2026-09-27T17:59:11.914196+00:00,latency,700.0,Rollback,0.0,0.0,0.0,700.3644375599105,0.0,1.0,5,5,703.1071540004632,1.0,1.0
2026-09-27T17:59:22.934936+00:00,latency,700.0,Rollback,0.0,0.0,0.0,700.357000479962,0.0,1.0,5,5,703.980053000123,1.0,1.0
2026-09-27T17:59:33.960386+00:00,latency,700.0,Rollback,0.0,0.0,0.0,700.3634680399774,0.0,1.0,5,5,703.2697909999115,1.0,1.0
2026-09-27T17:59:48.979753+00:00,latency,1000.0,Rollback,0.0,0.0,0.0,731.5979795833223,0.0,1.0,5,5,1003.2523770005355,1.0,1.0
2026-09-27T18:00:04.006083+00:00,latency,1000.0,Rollback,0.0,0.0,0.0,800.3353070666182,0.0,1.0,5,5,1002.934499998446,1.0,1.0
2026-09-27T18:00:19.026868+00:00,latency,1000.0,Rollback,0.0,0.0,0.0,883.2450849268064,0.0,1.0,5,5,1002.9870060006942,1.0,1.0
2026-09-27T18:00:34.047575+00:00,latency,1000.0,Rollback,0.0,0.0,0.0,991.9609696944461,0.0,1.0,5,5,1002.9551450006693,1.0,1.0
2026-09-27T18:00:49.070702+00:00,latency,1000.0,Rollback,0.0,0.0,0.0,1000.2952690279017,0.0,1.0,5,5,1003.2053159993666,1.0,1.0
2026-09-27T18:01:04.089233+00:00,latency,1000.0,Rollback,0.0,0.0,0.0,1000.2952284724214,0.0,1.0,5,5,1002.6960880004481,1.0,1.0
2026-09-27T18:01:19.117563+00:00,latency,1000.0,Rollback,0.0,0.0,0.0,1000.3084257501135,0.0,1.0,5,5,1003.5256280007161,1.0,1.0
2026-09-27T18:01:34.141415+00:00,latency,1000.0,Rollback,0.0,0.0,0.0,1000.296659083435,0.0,1.0,5,5,1003.0505450013152,1.0,1.0
2026-09-27T18:01:49.163032+00:00,latency,1000.0,Rollback,0.0,0.0,0.0,1000.2846098888969,0.0,1.0,5,5,1002.9207619991212,1.0,1.0
2026-09-27T18:02:04.183118+00:00,latency,1000.0,Rollback,0.0,0.0,0.0,1000.2850157500485,0.0,1.0,5,5,1003.0624880000687,1.0,1.0
2026-09-27T18:02:19.202906+00:00,latency,1000.0,Rollback,0.0,0.0,0.0,1000.2742540834031,0.0,1.0,5,5,1002.6132849998248,1.0,1.0
2026-09-27T18:02:34.223598+00:00,latency,1000.0,Rollback,0.0,0.0,0.0,1000.2837267777776,0.0,1.0,5,5,1004.0952459985419,1.0,1.0
2026-09-27T18:02:49.243523+00:00,latency,1000.0,Rollback,0.0,0.0,0.0,1000.3136655279072,0.0,1.0,5,5,1003.5492759998306,1.0,1.0
2026-09-27T18:03:04.266382+00:00,latency,1000.0,Rollback,0.0,0.0,0.0,1000.3244681111534,0.0,1.0,5,5,1003.4743729993352,1.0,1.0
2026-09-27T18:03:19.287759+00:00,latency,1000.0,Rollback,0.0,0.0,0.0,1000.344129166731,0.0,1.0,5,5,1003.0166179985827,1.0,1.0
2026-09-27T18:03:34.311374+00:00,latency,1000.0,Rollback,0.0,0.0,0.0,1000.3451584723533,0.0,1.0,5,5,1003.7111300007382,1.0,1.0
2026-09-27T18:03:49.332259+00:00,latency,1000.0,Rollback,0.0,0.0,0.0,1000.3295007223236,0.0,1.0,5,5,1002.9912390000391,1.0,1.0
2026-09-27T18:04:04.353800+00:00,latency,1000.0,Rollback,0.0,0.0,0.0,1000.3157558334757,0.0,1.0,5,5,1003.4387160012557,1.0,1.0
2026-09-27T18:04:19.374969+00:00,latency,1000.0,Rollback,0.0,0.0,0.0,1000.3131933889462,0.0,1.0,5,5,1003.2896720003919,1.0,1.0
2026-09-27T18:04:34.399220+00:00,latency,1000.0,Rollback,0.0,0.0,0.0,1000.3162300000541,0.0,1.0,5,5,1003.3937490006792,1.0,1.0
2026-09-27T18:04:53.420093+00:00,latency,1500.0,Rollback,0.0,0.0,0.0,1044.4617959117963,0.0,1.0,5,5,1503.205197999705,1.0,1.0
2026-09-27T18:05:12.441034+00:00,latency,1500.0,Rollback,0.0,0.0,0.0,1206.2403764117762,0.0,1.0,5,5,1503.951276999942,1.0,1.0
2026-09-27T18:05:31.460420+00:00,latency,1500.0,Rollback,0.0,0.0,0.0,1414.1457282758925,0.0,1.0,5,5,1503.1395120004163,1.0,1.0
2026-09-27T18:05:50.481673+00:00,latency,1500.0,Rollback,0.0,0.0,0.0,1500.3349863102908,0.0,1.0,5,5,1503.117143000054,1.0,1.0
2026-09-27T18:06:09.502079+00:00,latency,1500.0,Rollback,0.0,0.0,0.0,1500.33718667867,0.0,1.0,5,5,1503.3045680011128,1.0,1.0
2026-09-27T18:06:28.521330+00:00,latency,1500.0,Rollback,0.0,0.0,0.0,1500.3462548965185,0.0,1.0,5,5,1503.4680459993979,1.0,1.0
2026-09-27T18:06:47.541772+00:00,latency,1500.0,Rollback,0.0,0.0,0.0,1500.3539403104667,0.0,1.0,5,5,1503.2099849995575,1.0,1.0
2026-09-27T18:07:06.567367+00:00,latency,1500.0,Rollback,0.0,0.0,0.0,1500.3623315173922,0.0,1.0,5,5,1503.1426360001205,1.0,1.0
2026-09-27T18:07:25.588625+00:00,latency,1500.0,Rollback,0.0,0.0,0.0,1500.3568942415611,0.0,1.0,5,5,1503.2534160000068,1.0,1.0
2026-09-27T18:07:44.608364+00:00,latency,1500.0,Rollback,0.0,0.0,0.0,1500.3677961429148,0.0,1.0,5,5,1503.0101669999567,1.0,1.0
2026-09-27T18:08:03.645371+00:00,latency,1500.0,Rollback,0.0,0.0,0.0,1500.3575500001623,0.0,1.0,5,5,1503.2953210011328,1.0,1.0
2026-09-27T18:08:22.674002+00:00,latency,1500.0,Rollback,0.0,0.0,0.0,1500.3675995174426,0.0,1.0,5,5,1503.3470319995104,1.0,1.0
2026-09-27T18:08:41.698062+00:00,latency,1500.0,Rollback,0.0,0.0,0.0,1500.3818521380992,0.0,1.0,5,5,1503.3868520004035,1.0,1.0
2026-09-27T18:09:00.721783+00:00,latency,1500.0,Rollback,0.0,0.0,0.0,1500.373408034585,0.0,1.0,5,5,1503.108920998784,1.0,1.0
2026-09-27T18:09:19.748096+00:00,latency,1500.0,Rollback,0.0,0.0,0.0,1500.3709296072755,0.0,1.0,5,5,1503.233673000068,1.0,1.0
2026-09-27T18:09:38.768736+00:00,latency,1500.0,Rollback,0.0,0.0,0.0,1500.3540147932529,0.0,1.0,5,5,1503.2506219995412,1.0,1.0
2026-09-27T18:09:57.793554+00:00,latency,1500.0,Rollback,0.0,0.0,0.0,1500.3748252500893,0.0,1.0,5,5,1503.3026420005626,1.0,1.0
2026-09-27T18:10:16.815131+00:00,latency,1500.0,Rollback,0.0,0.0,0.0,1500.3710025518776,0.0,1.0,5,5,1503.2773559996713,1.0,1.0
2026-09-27T18:10:35.837862+00:00,latency,1500.0,Rollback,0.0,0.0,0.0,1500.3826410344307,0.0,1.0,5,5,1503.5074049992545,1.0,1.0
2026-09-27T18:10:54.861582+00:00,latency,1500.0,Rollback,0.0,0.0,0.0,1500.366246482811,0.0,1.0,5,5,1503.78650499988,1.0,1.0
2026-09-27T18:11:05.883904+00:00,errors,0.0,Do Nothing,0.0,0.0,0.0,1500.3732995172522,0.0,1.0,20,20,2.1878410007047933,1.0,1.0
2026-09-27T18:11:16.911358+00:00,errors,0.0,Do Nothing,0.0,0.0,0.0,375.1239426501116,0.0,1.0,20,20,2.4039809995883843,1.0,1.0
2026-09-27T18:11:27.933403+00:00,errors,0.0,Do Nothing,0.0,0.0,0.0,204.63317069100992,0.0,1.0,20,20,2.1419275008156546,1.0,1.0
2026-09-27T18:11:38.954768+00:00,errors,0.0,Do Nothing,0.0,0.0,0.0,107.21156945006182,0.0,1.0,20,20,2.0720094989883364,1.0,1.0
2026-09-27T18:11:49.976363+00:00,errors,0.0,Do Nothing,0.0,0.0,0.0,44.17047197649106,0.0,1.0,20,20,2.211983999586664,1.0,1.0
2026-09-27T18:12:00.997546+00:00,errors,0.0,Do Nothing,0.0,0.0,0.0,0.04200144001515582,0.0,1.0,20,20,2.212563001194212,1.0,1.0
2026-09-27T18:12:12.018836+00:00,errors,0.0,Do Nothing,0.0,0.0,0.0,0.043452129957586294,0.0,1.0,20,20,2.554862999204488,1.0,1.0
2026-09-27T18:12:23.037977+00:00,errors,0.0,Do Nothing,0.0,0.0,0.0,0.04282986495127261,0.0,1.0,20,20,2.1943169995211065,1.0,1.0
2026-09-27T18:12:34.059676+00:00,errors,0.0,Do Nothing,0.0,0.0,0.0,0.043160119921594735,0.0,1.0,20,20,2.559765999649244,1.0,1.0
2026-09-27T18:12:46.079810+00:00,errors,0.0,Do Nothing,0.0,0.0,0.0,0.04317968498071423,0.0,1.0,25,25,2.335860999664874,1.0,1.0
2026-09-27T18:12:57.104567+00:00,errors,0.0,Do Nothing,0.0,0.0,0.0,0.044816485024057336,0.0,1.0,20,20,2.3235939997903188,1.0,1.0
2026-09-27T18:13:08.124795+00:00,errors,0.0,Do Nothing,0.0,0.0,0.0,0.04374860010102566,0.0,1.0,20,20,1.99677749969851,1.0,1.0
2026-09-27T18:13:19.145423+00:00,errors,0.0,Do Nothing,0.0,0.0,0.0,0.04425389513016853,0.0,1.0,20,20,2.2156049990371685,1.0,1.0
2026-09-27T18:13:30.167712+00:00,errors,0.0,Do Nothing,0.0,0.0,0.0,0.044257570179979666,0.0,1.0,20,20,2.1073865000289516,1.0,1.0
2026-09-27T18:13:42.189186+00:00,errors,0.0,Do Nothing,0.0,0.0,0.0,0.04403836014716945,0.0,1.0,20,20,2.1255695000945707,1.0,1.0
2026-09-27T18:13:53.208916+00:00,errors,0.0,Do Nothing,0.0,0.0,0.0,0.042830010079342166,0.0,1.0,20,20,1.9954134995714412,1.0,1.0
2026-09-27T18:14:04.230376+00:00,errors,0.0,Do Nothing,0.0,0.0,0.0,0.0431836700408894,0.0,1.0,20,20,2.236934499705967,1.0,1.0
2026-09-27T18:14:16.254658+00:00,errors,0.0,Do Nothing,0.0,0.0,0.0,0.04310056503527448,0.0,1.0,25,25,2.2790940001868876,1.0,1.0
2026-09-27T18:14:27.276264+00:00,errors,0.0,Do Nothing,0.0,0.0,0.0,0.04589658003169461,0.0,1.0,20,20,2.6638424997145194,1.0,1.0
2026-09-27T18:14:38.296981+00:00,errors,0.0,Do Nothing,0.0,0.0,0.0,0.04624489501111383,0.0,1.0,20,20,2.3984150002434035,1.0,1.0
2026-09-27T18:14:49.318756+00:00,errors,0.05,Do Nothing,0.0,0.0,0.0,0.04692692506068852,5.0,1.0,20,19,2.5883985008476884,0.95,0.95
2026-09-27T18:15:00.338892+00:00,errors,0.05,Do Nothing,0.0,0.0,0.0,0.0465129950134724,5.0,1.0,20,18,2.028003000305034,0.9,1.0
2026-09-27T18:15:12.362205+00:00,errors,0.05,Do Nothing,0.0,0.0,0.0,0.04625814497558167,5.0,1.0,20,20,2.3190129995782627,1.0,0.92
2026-09-27T18:15:23.382975+00:00,errors,0.05,Do Nothing,0.0,0.0,0.0,0.04339782498391287,5.0,1.0,20,20,2.159193500119727,1.0,0.95
2026-09-27T18:15:34.404486+00:00,errors,0.05,Do Nothing,0.0,0.0,0.0,0.04369670001324267,5.0,1.0,20,19,2.2033154991731863,0.95,0.9
2026-09-27T18:15:46.426523+00:00,errors,0.05,Do Nothing,0.0,0.0,0.0,0.04386194496873941,5.0,1.0,25,25,2.2187620015756693,1.0,0.85
2026-09-27T18:15:57.452044+00:00,errors,0.05,Do Nothing,0.0,0.0,0.0,0.04553055005089845,5.0,1.0,20,18,2.226956500635424,0.9,0.9
2026-09-27T18:16:08.474794+00:00,errors,0.05,Do Nothing,0.0,0.0,0.0,0.04549948002022574,5.0,1.0,20,19,2.446516999953019,0.95,0.9
2026-09-27T18:16:19.495452+00:00,errors,0.05,Do Nothing,0.0,0.0,0.0,0.04538493001746246,5.0,1.0,20,20,2.2030495001672534,1.0,0.9
2026-09-27T18:16:30.519718+00:00,errors,0.05,Do Nothing,0.0,0.0,0.0,0.044975294995310826,5.0,1.0,20,18,2.183925000281306,0.9,0.9
2026-09-27T18:16:42.541971+00:00,errors,0.05,Do Nothing,0.0,0.0,0.0,0.04476294997402874,5.0,1.0,20,19,2.401475499937078,0.95,0.96
2026-09-27T18:16:53.573157+00:00,errors,0.05,Do Nothing,0.0,0.0,0.0,0.04466519989364315,5.0,1.0,20,19,2.1329544997570338,0.95,0.9
2026-09-27T18:17:04.605420+00:00,errors,0.05,Do Nothing,0.0,0.0,0.0,0.04491861493079341,5.0,1.0,20,20,2.5879735012495075,1.0,1.0
2026-09-27T18:17:16.627551+00:00,errors,0.05,Do Nothing,0.0,0.0,0.0,0.04534694493486313,5.0,1.0,25,22,2.599618001113413,0.88,1.0
2026-09-27T18:17:27.650685+00:00,errors,0.05,Do Nothing,0.0,0.0,0.0,0.047330484976555454,5.0,1.0,20,20,2.120293999723799,1.0,1.0
2026-09-27T18:17:38.678619+00:00,errors,0.05,Do Nothing,0.0,0.0,0.0,0.04631270501704421,5.0,1.0,20,20,2.3839080004108837,1.0,1.0
2026-09-27T18:17:49.698314+00:00,errors,0.05,Do Nothing,0.0,0.0,0.0,0.046260870039986905,5.0,1.0,20,19,2.242457500869932,0.95,1.0
2026-09-27T18:18:00.719907+00:00,errors,0.05,Do Nothing,0.0,0.0,0.0,0.04598140504640469,5.0,1.0,20,20,2.2179424995556474,1.0,0.9
2026-09-27T18:18:12.744830+00:00,errors,0.05,Do Nothing,0.0,0.0,0.0,0.043947743688477196,5.0,1.0,20,20,2.1395454996309127,1.0,0.96
2026-09-27T18:18:23.765593+00:00,errors,0.05,Do Nothing,0.0,0.0,0.0,0.04361163597562923,5.0,1.0,20,19,2.164742500099237,0.95,0.95
2026-09-27T18:18:34.786124+00:00,errors,0.1,Do Nothing,0.0,0.0,0.0,0.04396696417526796,10.0,1.0,20,17,2.5210089997926843,0.85,0.95
2026-09-27T18:18:46.808625+00:00,errors,0.1,Do Nothing,0.0,0.0,0.0,0.04402693851331536,10.0,1.0,25,23,2.172219999920344,0.92,0.95
2026-09-27T18:18:57.829680+00:00,errors,0.1,Do Nothing,0.0,0.0,0.0,0.044529082105071165,10.0,1.0,20,17,2.404832499451004,0.85,1.0
2026-09-27T18:19:08.852161+00:00,errors,0.1,Do Nothing,0.0,0.0,0.0,0.0443861000439938,10.0,1.0,20,19,2.042271000391338,0.95,0.8
2026-09-27T18:19:19.873643+00:00,errors,0.1,Do Nothing,0.0,0.0,0.0,0.04448330503691977,10.0,1.0,20,20,2.2615904999838676,1.0,0.9
2026-09-27T18:19:30.895787+00:00,errors,0.1,Do Nothing,0.0,0.0,0.0,0.04445864504305064,10.0,1.0,20,17,1.9942495000577765,0.85,0.95
2026-09-27T18:19:42.918795+00:00,errors,0.1,Do Nothing,0.0,0.0,0.0,0.04424800503329607,10.0,1.0,20,20,2.334849999897415,1.0,0.96
2026-09-27T18:19:53.941408+00:00,errors,0.1,Do Nothing,0.0,0.0,0.0,0.045225215035316076,10.0,1.0,20,14,2.4588714995843475,0.7,1.0
2026-09-27T18:20:04.964894+00:00,errors,0.1,Do Nothing,0.0,0.0,0.0,0.04597351499796787,10.0,1.0,20,18,2.2267800004556193,0.9,0.95
2026-09-27T18:20:15.989800+00:00,errors,0.1,Do Nothing,0.0,0.0,0.0,0.0457991400071478,10.0,1.0,20,19,2.5295750001532724,0.95,0.9
2026-09-27T18:20:27.016577+00:00,errors,0.1,Do Nothing,0.0,0.0,0.0,0.04586788494634675,10.0,1.0,20,20,2.15711000146257,1.0,0.8
2026-09-27T18:20:38.039277+00:00,errors,0.1,Do Nothing,0.0,0.0,0.0,0.04536125497907051,10.0,1.0,20,19,2.1761574989795918,0.95,0.95
2026-09-27T18:20:49.062297+00:00,errors,0.1,Do Nothing,0.0,0.0,0.0,0.045052164932712906,10.0,1.0,20,19,2.472866000061913,0.95,0.95
2026-09-27T18:21:00.083172+00:00,errors,0.1,Do Nothing,0.0,0.0,0.0,0.044591764972210506,10.0,1.0,20,17,2.1311379996404867,0.85,0.95
2026-09-27T18:21:12.106935+00:00,errors,0.1,Do Nothing,0.0,0.0,0.0,0.04489409497182351,10.0,1.0,20,17,2.4883750002118177,0.85,0.88
2026-09-27T18:21:23.128506+00:00,errors,0.1,Do Nothing,0.0,0.0,0.0,0.04516676503044436,10.0,1.0,20,19,2.270059999318619,0.95,1.0
2026-09-27T18:21:34.151022+00:00,errors,0.1,Do Nothing,0.0,0.0,0.0,0.04473717996916094,10.0,1.0,20,18,2.4372469997615553,0.9,0.95
2026-09-27T18:21:46.171681+00:00,errors,0.1,Do Nothing,0.0,0.0,0.0,0.044610954992094776,10.0,1.0,25,23,2.1458600003825268,0.92,1.0
2026-09-27T18:21:57.194780+00:00,errors,0.1,Do Nothing,0.0,0.0,0.0,0.044155764962852125,10.0,1.0,20,19,2.02397149951139,0.95,1.0
2026-09-27T18:22:08.218691+00:00,errors,0.1,Do Nothing,0.0,0.0,0.0,0.04319327993471233,10.0,1.0,20,17,2.437701499729883,0.85,0.95
2026-09-27T18:22:19.237170+00:00,errors,0.2,Rollback,0.0,0.0,0.0,0.04260994498508807,20.0,1.0,20,17,1.9606075002229773,0.85,0.85
2026-09-27T18:22:30.256551+00:00,errors,0.2,Rollback,0.0,0.0,0.0,0.04258894502527255,20.0,1.0,20,16,2.3116725005820626,0.8,0.65
2026-09-27T18:22:42.280112+00:00,errors,0.2,Rollback,0.0,0.0,0.0,0.042467645043871016,20.0,1.0,20,15,2.412294500572898,0.75,0.72
2026-09-27T18:22:53.300063+00:00,errors,0.2,Rollback,0.0,0.0,0.0,0.045213220046207425,20.0,1.0,20,14,2.149040999938734,0.7,0.75
2026-09-27T18:23:04.322016+00:00,errors,0.2,Rollback,0.0,0.0,0.0,0.044539120035551605,20.0,1.0,20,14,2.2236825006984873,0.7,0.8
2026-09-27T18:23:16.345290+00:00,errors,0.2,Rollback,0.0,0.0,0.0,0.045432089973473914,20.0,1.0,25,19,2.0294289988669334,0.76,0.9
2026-09-27T18:23:27.366658+00:00,errors,0.2,Rollback,0.0,0.0,0.0,0.04537730493211712,20.0,1.0,20,15,2.1427369993034517,0.75,0.85
2026-09-27T18:23:38.387874+00:00,errors,0.2,Rollback,0.0,0.0,0.0,0.044168409922349376,20.0,1.0,20,18,2.070675500362995,0.9,0.8
2026-09-27T18:23:49.409086+00:00,errors,0.2,Rollback,0.0,0.0,0.0,0.043687779980245985,20.0,1.0,20,17,2.4908560008043423,0.85,0.75
2026-09-27T18:24:00.428194+00:00,errors,0.2,Rollback,0.0,0.0,0.0,0.04429489003996423,20.0,1.0,20,18,2.0419824995769886,0.9,0.8
2026-09-27T18:24:12.453598+00:00,errors,0.2,Rollback,0.0,0.0,0.0,0.04377828006909113,20.0,1.0,20,18,2.3973620000106166,0.9,0.88
2026-09-27T18:24:23.475771+00:00,errors,0.2,Rollback,0.0,0.0,0.0,0.04399036511131271,20.0,1.0,20,15,2.1881404991290765,0.75,0.85
2026-09-27T18:24:34.501613+00:00,errors,0.2,Rollback,0.0,0.0,0.0,0.04361030511063291,20.0,1.0,20,16,2.4834144996930263,0.8,0.75
2026-09-27T18:24:46.522862+00:00,errors,0.2,Rollback,0.0,0.0,0.0,0.04366791506981826,20.0,1.0,25,19,2.082255001369049,0.76,0.85
2026-09-27T18:24:57.546025+00:00,errors,0.2,Rollback,0.0,0.0,0.0,0.04304250499444606,20.0,1.0,20,17,2.1813494995512883,0.85,0.85
2026-09-27T18:25:08.564472+00:00,errors,0.2,Rollback,0.0,0.0,0.0,0.04308667996156146,20.0,1.0,20,15,2.157773999897472,0.75,0.8
2026-09-27T18:25:19.583772+00:00,errors,0.2,Rollback,0.0,0.0,0.0,0.042566104921206716,20.0,1.0,20,15,2.064428000267071,0.75,0.75
2026-09-27T18:25:30.608921+00:00,errors,0.2,Rollback,0.0,0.0,0.0,0.041699749908730155,20.0,1.0,20,17,2.447595000376168,0.85,0.75
2026-09-27T18:25:42.632696+00:00,errors,0.2,Rollback,0.0,0.0,0.0,0.042449879920241074,20.0,1.0,20,19,1.9797420000031707,0.95,0.76
2026-09-27T18:25:53.654242+00:00,errors,0.2,Rollback,0.0,0.0,0.0,0.04340923498602933,20.0,1.0,20,17,2.3735679997116677,0.85,0.85
2026-09-27T18:26:04.676274+00:00,errors,0.35,Rollback,0.0,0.0,0.0,0.04358227001830528,35.0,1.0,20,15,2.45582849947823,0.75,0.5
2026-09-27T18:26:16.695300+00:00,errors,0.35,Rollback,0.0,0.0,0.0,0.04367018505945453,35.0,1.0,25,13,2.0972839993191883,0.52,0.65
2026-09-27T18:26:27.714725+00:00,errors,0.35,Rollback,0.0,0.0,0.0,0.043237533059555015,35.0,1.0,20,14,2.0161555003141984,0.7,0.75
2026-09-27T18:26:38.739518+00:00,errors,0.35,Rollback,0.0,0.0,0.0,0.043329871811856255,35.0,1.0,20,12,2.7342154999132617,0.6,0.8
2026-09-27T18:26:49.760989+00:00,errors,0.35,Rollback,0.0,0.0,0.0,0.04615962561496044,35.0,1.0,20,15,2.6236719995722524,0.75,0.65
2026-09-27T18:27:00.783749+00:00,errors,0.35,Rollback,0.0,0.0,0.0,0.046105461492865846,35.0,1.0,20,15,2.2956054999667685,0.75,0.55
2026-09-27T18:27:12.804680+00:00,errors,0.35,Rollback,0.0,0.0,0.0,0.04669653331243003,35.0,1.0,20,8,2.2850044997539953,0.4,0.68
2026-09-27T18:27:23.828899+00:00,errors,0.35,Rollback,0.0,0.0,0.0,0.04738738886836206,35.0,1.0,20,15,2.3024315005386597,0.75,0.55
2026-09-27T18:27:34.847355+00:00,errors,0.35,Rollback,0.0,0.0,0.0,0.046567610015699756,35.0,1.0,20,14,1.9260799999756273,0.7,0.6
2026-09-27T18:27:46.867968+00:00,errors,0.35,Rollback,0.0,0.0,0.0,0.0436639150029805,35.0,1.0,25,19,2.2142430007079383,0.76,0.6
2026-09-27T18:27:57.887889+00:00,errors,0.35,Rollback,0.0,0.0,0.0,0.04303214499486785,35.0,1.0,20,14,2.1394115001385217,0.7,0.65
2026-09-27T18:28:08.913104+00:00,errors,0.35,Rollback,0.0,0.0,0.0,0.042695189968071645,35.0,1.0,20,13,2.2227050003493787,0.65,0.6
2026-09-27T18:28:19.931789+00:00,errors,0.35,Rollback,0.0,0.0,0.0,0.04191653998532274,35.0,1.0,20,11,2.285689500240551,0.55,0.7
2026-09-27T18:28:30.953338+00:00,errors,0.35,Rollback,0.0,0.0,0.0,0.04265572497388348,35.0,1.0,20,13,2.3739939997540205,0.65,0.5
2026-09-27T18:28:42.977235+00:00,errors,0.35,Rollback,0.0,0.0,0.0,0.043532340014280635,35.0,1.0,20,10,2.373579499362677,0.5,0.56
2026-09-27T18:28:54.000067+00:00,errors,0.35,Rollback,0.0,0.0,0.0,0.044708585028274676,35.0,1.0,20,15,2.1748239996668417,0.75,0.6
2026-09-27T18:29:05.027687+00:00,errors,0.35,Rollback,0.0,0.0,0.0,0.04476985007386248,35.0,1.0,20,10,2.550164500462415,0.5,0.55
2026-09-27T18:29:16.048478+00:00,errors,0.35,Rollback,0.0,0.0,0.0,0.044835405060439364,35.0,1.0,20,15,2.433795000797545,0.75,0.75
2026-09-27T18:29:27.069229+00:00,errors,0.35,Rollback,0.0,0.0,0.0,0.04492957506045059,35.0,1.0,20,14,2.2735945003660163,0.7,0.75
2026-09-27T18:29:38.090369+00:00,errors,0.35,Rollback,0.0,0.0,0.0,0.04482623007788788,35.0,1.0,20,11,2.2848789994895924,0.55,0.6
2026-09-27T18:29:49.113066+00:00,errors,0.5,Rollback,0.0,0.0,0.0,0.04424163005751325,50.0,1.0,20,10,2.179717499529943,0.5,0.4
2026-09-27T18:30:00.136323+00:00,errors,0.5,Rollback,0.0,0.0,0.0,0.04431511002621846,50.0,1.0,20,9,2.35157600036473,0.45,0.5
2026-09-27T18:30:12.159015+00:00,errors,0.5,Rollback,0.0,0.0,0.0,0.044435319969124976,50.0,1.0,20,12,2.433080499031348,0.6,0.52
2026-09-27T18:30:23.178940+00:00,errors,0.5,Rollback,0.0,0.0,0.0,0.04519464992881694,50.0,1.0,20,10,2.33378850043664,0.5,0.5
2026-09-27T18:30:34.202064+00:00,errors,0.5,Rollback,0.0,0.0,0.0,0.04544400989288988,50.0,1.0,20,7,2.318978500625235,0.35,0.3
2026-09-27T18:30:46.233290+00:00,errors,0.5,Rollback,0.0,0.0,0.0,0.04567052988022624,50.0,1.0,25,9,2.185310999266221,0.36,0.25
2026-09-27T18:30:57.252630+00:00,errors,0.5,Rollback,0.0,0.0,0.0,0.0462930048979615,50.0,1.0,20,9,2.199890499468893,0.45,0.5
2026-09-27T18:31:08.273715+00:00,errors,0.5,Rollback,0.0,0.0,0.0,0.045976224946571165,50.0,1.0,20,8,2.107252499627066,0.4,0.5
2026-09-27T18:31:19.291732+00:00,errors,0.5,Rollback,0.0,0.0,0.0,0.044696639970425174,50.0,1.0,20,13,2.477314998941438,0.65,0.45
2026-09-27T18:31:30.314014+00:00,errors,0.5,Rollback,0.0,0.0,0.0,0.04494829495342856,50.0,1.0,20,9,2.3823510009606252,0.45,0.45
2026-09-27T18:31:42.337528+00:00,errors,0.5,Rollback,0.0,0.0,0.0,0.045165194969740696,50.0,1.0,20,9,2.128978999280662,0.45,0.56
2026-09-27T18:31:53.359405+00:00,errors,0.5,Rollback,0.0,0.0,0.0,0.04415040998537734,50.0,1.0,20,10,2.081570998598181,0.5,0.6
2026-09-27T18:32:04.382240+00:00,errors,0.5,Rollback,0.0,0.0,0.0,0.04503904994635378,50.0,1.0,20,12,2.3486995005441713,0.6,0.4
2026-09-27T18:32:16.406533+00:00,errors,0.5,Rollback,0.0,0.0,0.0,0.04524029995081946,50.0,1.0,25,16,2.48477599961916,0.64,0.45
2026-09-27T18:32:27.427305+00:00,errors,0.5,Rollback,0.0,0.0,0.0,0.04514221497629478,50.0,1.0,20,5,2.227266500085534,0.25,0.5
2026-09-27T18:32:38.450145+00:00,errors,0.5,Rollback,0.0,0.0,0.0,0.045681619967581355,50.0,1.0,20,9,2.3059074992488604,0.45,0.5
2026-09-27T18:32:49.468136+00:00,errors,0.5,Rollback,0.0,0.0,0.0,0.04483279494706949,50.0,1.0,20,10,2.233075500043924,0.5,0.5
2026-09-27T18:33:00.489776+00:00,errors,0.5,Rollback,0.0,0.0,0.0,0.04379882493594778,50.0,1.0,20,11,2.268354500301939,0.55,0.65
2026-09-27T18:33:12.514367+00:00,errors,0.5,Rollback,0.0,0.0,0.0,0.043613624966383206,50.0,1.0,20,7,2.3408549996020156,0.35,0.52
2026-09-27T18:33:23.537036+00:00,errors,0.5,Rollback,0.0,0.0,0.0,0.04534469492682547,50.0,1.0,20,11,2.3869799988460727,0.55,0.5
2026-09-27T18:33:34.560122+00:00,dependency,0.0,Do Nothing,0.0,0.0,0.0,0.04534789991339493,0.0,1.0,20,20,2.667054000085045,1.0,1.0
2026-09-27T18:33:46.584347+00:00,dependency,0.0,Do Nothing,0.0,0.0,0.0,0.046732619894100935,0.0,1.0,25,25,2.421097000478767,1.0,1.0
2026-09-27T18:33:57.620028+00:00,dependency,0.0,Do Nothing,0.0,0.0,0.0,0.047541814892610994,0.0,1.0,20,20,2.567561500654847,1.0,1.0
2026-09-27T18:34:08.651879+00:00,dependency,0.0,Do Nothing,0.0,0.0,0.0,0.04760178493597778,0.0,1.0,20,20,2.596307999738201,1.0,1.0
2026-09-27T18:34:19.674670+00:00,dependency,0.0,Do Nothing,0.0,0.0,0.0,0.0474312449205172,0.0,1.0,20,20,2.3288715001399396,1.0,1.0
2026-09-27T18:34:30.697824+00:00,dependency,0.0,Do Nothing,0.0,0.0,0.0,0.04764393362184281,0.0,1.0,20,20,2.4954139998953906,1.0,1.0
2026-09-27T18:34:42.720680+00:00,dependency,0.0,Do Nothing,0.0,0.0,0.0,0.047429594894474104,0.0,1.0,20,20,2.578306000032171,1.0,1.0
2026-09-27T18:34:53.745943+00:00,dependency,0.0,Do Nothing,0.0,0.0,0.0,0.047693138511908144,0.0,1.0,20,20,2.538136501243571,1.0,1.0
2026-09-27T18:35:04.768735+00:00,dependency,0.0,Do Nothing,0.0,0.0,0.0,0.04734087181135785,0.0,1.0,20,20,2.4741475008340785,1.0,1.0
2026-09-27T18:35:16.791092+00:00,dependency,0.0,Do Nothing,0.0,0.0,0.0,0.04637298982579989,0.0,1.0,25,25,2.3544930008938536,1.0,1.0
2026-09-27T18:35:27.816370+00:00,dependency,0.0,Do Nothing,0.0,0.0,0.0,0.046704415008207434,0.0,1.0,20,20,2.4754329988354584,1.0,1.0
2026-09-27T18:35:38.839581+00:00,dependency,0.0,Do Nothing,0.0,0.0,0.0,0.0464724399807892,0.0,1.0,20,20,2.2314654997899197,1.0,1.0
2026-09-27T18:35:49.861122+00:00,dependency,0.0,Do Nothing,0.0,0.0,0.0,0.046006909951756825,0.0,1.0,20,20,2.2138844997243723,1.0,1.0
2026-09-27T18:36:00.885859+00:00,dependency,0.0,Do Nothing,0.0,0.0,0.0,0.045751499928883284,0.0,1.0,20,20,2.386266499343037,1.0,1.0
2026-09-27T18:36:12.908253+00:00,dependency,0.0,Do Nothing,0.0,0.0,0.0,0.04501487986090069,0.0,1.0,20,20,2.2396210006263573,1.0,1.0
2026-09-27T18:36:23.929404+00:00,dependency,0.0,Do Nothing,0.0,0.0,0.0,0.04424325489708281,0.0,1.0,20,20,2.4194949992306647,1.0,1.0
2026-09-27T18:36:34.953620+00:00,dependency,0.0,Do Nothing,0.0,0.0,0.0,0.044674899900201126,0.0,1.0,20,20,2.3308570007429807,1.0,1.0
2026-09-27T18:36:46.977276+00:00,dependency,0.0,Do Nothing,0.0,0.0,0.0,0.04471055495741893,0.0,1.0,25,25,2.200454999183421,1.0,1.0
2026-09-27T18:36:58.004123+00:00,dependency,0.0,Do Nothing,0.0,0.0,0.0,0.044917979976162314,0.0,1.0,20,20,2.266894000058528,1.0,1.0
2026-09-27T18:37:09.026965+00:00,dependency,0.0,Do Nothing,0.0,0.0,0.0,0.045246055005918606,0.0,1.0,20,20,2.3103555004126974,1.0,1.0
2026-09-27T18:37:20.049494+00:00,dependency,1.0,Restart Dependency,0.0,0.0,0.0,0.045547494992206346,0.0,0.0,20,0,2.2371164996002335,0.0,0.0
2026-09-27T18:37:31.072414+00:00,dependency,1.0,Restart Dependency,0.0,0.0,0.0,0.044747250012733275,0.0,0.0,20,0,2.193020500271814,0.0,0.0
2026-09-27T18:37:42.098885+00:00,dependency,1.0,Restart Dependency,0.0,0.0,0.0,0.04320181002185563,0.0,0.0,20,0,2.3390944998027408,0.0,0.0
2026-09-27T18:37:53.121949+00:00,dependency,1.0,Restart Dependency,0.0,0.0,0.0,0.04285655999410665,0.0,0.0,20,0,2.1152850004000356,0.0,0.0
2026-09-27T18:38:04.144050+00:00,dependency,1.0,Restart Dependency,0.0,0.0,0.0,0.04219922999254777,0.0,0.0,20,0,2.3481759999413043,0.0,0.0
2026-09-27T18:38:16.166927+00:00,dependency,1.0,Restart Dependency,0.0,0.0,0.0,0.04106233499442169,0.0,0.0,25,0,2.1813909988850355,0.0,0.0
2026-09-27T18:38:27.186171+00:00,dependency,1.0,Restart Dependency,0.0,0.0,0.0,0.04124824002246896,0.0,0.0,20,0,2.144441999917035,0.0,0.0
2026-09-27T18:38:38.212416+00:00,dependency,1.0,Restart Dependency,0.0,0.0,0.0,0.04136715489948984,0.0,0.0,20,0,2.6521184990997426,0.0,0.0
2026-09-27T18:38:49.233771+00:00,dependency,1.0,Restart Dependency,0.0,0.0,0.0,0.04133627988267108,0.0,0.0,20,0,2.134344000296551,0.0,0.0
2026-09-27T18:39:00.260513+00:00,dependency,1.0,Restart Dependency,0.0,0.0,0.0,0.04150914491219737,0.0,0.0,20,0,2.2615175003011245,0.0,0.0
2026-09-27T18:39:12.280223+00:00,dependency,1.0,Restart Dependency,0.0,0.0,0.0,0.04189475990642677,0.0,0.0,20,0,2.3047170016070595,0.0,0.0
2026-09-27T18:39:23.306796+00:00,dependency,1.0,Restart Dependency,0.0,0.0,0.0,0.042109379846806405,0.0,0.0,20,0,2.2772644988435786,0.0,0.0
2026-09-27T18:39:34.326196+00:00,dependency,1.0,Restart Dependency,0.0,0.0,0.0,0.041999054828920634,0.0,0.0,20,0,2.601812999273534,0.0,0.0
2026-09-27T18:39:46.347533+00:00,dependency,1.0,Restart Dependency,0.0,0.0,0.0,0.04238664494550903,0.0,0.0,25,0,2.179736999096349,0.0,0.0
2026-09-27T18:39:57.372502+00:00,dependency,1.0,Restart Dependency,0.0,0.0,0.0,0.042919855004583944,0.0,0.0,20,0,2.2619570008828305,0.0,0.0
2026-09-27T18:40:08.394588+00:00,dependency,1.0,Restart Dependency,0.0,0.0,0.0,0.042885784878308186,0.0,0.0,20,0,2.3390149981423747,0.0,0.0
2026-09-27T18:40:19.412568+00:00,dependency,1.0,Restart Dependency,0.0,0.0,0.0,0.04296459997931379,0.0,0.0,20,0,2.272445501148468,0.0,0.0
2026-09-27T18:40:30.436148+00:00,dependency,1.0,Restart Dependency,0.0,0.0,0.0,0.042942115105688565,0.0,0.0,20,0,2.267285499328864,0.0,0.0
2026-09-27T18:40:42.459046+00:00,dependency,1.0,Restart Dependency,0.0,0.0,0.0,0.043029945009038784,0.0,0.0,20,0,2.3338454993790947,0.0,0.0
2026-09-27T18:40:53.479500+00:00,dependency,1.0,Restart Dependency,0.0,0.0,0.0,0.04515985498073861,0.0,0.0,20,0,2.2977125008765142,0.0,0.0
